Workbook
Name IsTypeCore: VLOOKUP(ProjectType,ProjectTypes[[ProjectTypes]:[Type]],2,FALSE)
Name Project_Type: #REF!
Name ProjectVersion: #REF!

Sheet Overview
C1: 2202025410 - Accenture - Assago Milanofiori U1
D2: The WELL Building Standard v2.0 pilot (Q4 2020) | I2: =SUM(U11:U290) -> 81 | J2: =VLOOKUP($D$4,Lists!$B$1:$E$19,2,FALSE) -> Achieved
D3: =TODAY() -> 45338 | N3: Last updated 2021/03/05
D4: Final Performance Review | I4: =SUM(S11:S290) -> 0 | J4: Pending Documentation | N4: Review phase drives additional options.
I5: =SUM(T11:T290) -> 0 | J5: Pending Documentation & On-Site | N5: Ensure to fill this out first.
I6: =SUM(R11:R290) -> 0 | J6: Anticipated, Pending On-Site
F7: =_xlfn.CONCAT(IF(SUM(W11:W290) > 0,"Preconditions Pending On-Site Assessment: ",""),IF(SUM(W11:W290)>0,IF(SUM(W11:W290) > 0,SUM(W11:W290),""),"")) | I7: =SUM(Q11:Q290) -> 1 | J7: =IF(VLOOKUP($D$4,Lists!$B$1:$E$19,3,FALSE)<> "",VLOOKUP($D$4,Lists!$B$1:$E$19,3,FALSE),"Not Anticipated") -> Not Achieved
F8: =_xlfn.CONCAT(IF(SUM(V11:V290) > 0,"Preconditions Pending Documentation: ",""),IF(SUM(V11:V290)>0,IF(SUM(V11:V290) > 0,SUM(V11:V290),""),"")) | G8: =SUM(G290,G271,G225,G197,G169,G153,G135,G104,G88,G63,G40) -> 82 | H8: =SUM(H290,H271,H225,H197,H169,H153,H135,H104,H88,H63,H40) -> 0 | I8: =SUM(I290,I271,I225,I197,I169,I153,I135,I104,I88,I63,I40) -> 82 | J8: Total Points Attempted
A10: P/O | C10: Concept | D10: Type | E10: Feature | F10: Part | G10: Scorecard Points | H10: Pursuing | I10: Attempted | J10: Status | K10: =VLOOKUP(D4,Lists!B1:E15,2,FALSE) -> Achieved | L10: =_xlfn.CONCAT(VLOOKUP($D$4,Lists!$B$1:$E19,3,FALSE),IF(OR(VLOOKUP($D$4,Lists!$B$1:$E19,4,FALSE) = "",VLOOKUP($D$4,Lists!$B$1:$E19,3,FALSE) = ""),""," or "),VLOOKUP($D$4,Lists!$B$1:$E19,4,FALSE)) -> Not Achieved | Q10: Not Ant/Not Ach | R10: On-Site | S10: Pending Doc | T10: Pending doc/On-site | U10: Anticipated/achieved | V10: Precondition pending | W10: Preconditions Pend On-Site Only
A11: P | C11: AIR | D11: P | E11: A01. Fundamental Air Quality | F11: A01.1 Meet Thresholds for Particulate Matter | G11: ='Review Comments'!F10 -> 0 | H11: ='Review Comments'!G10 -> Required | I11: =IF(H11="Yes",G11,IF(H11="Required","Required","")) -> Required | J11: =IF('Review Comments'!H10=0,"",'Review Comments'!H10) -> Achieved | K11: =IF(I11="Required","Required",IF(ISNUMBER(MATCH(J11,Lists!$H$2:$H$9,0)),I11,"")) -> Required | L11: =IF(I11="Required","Required",IF(ISNUMBER(MATCH(J11,Lists!$I$2:$I$9,0)),I11,IF(ISNUMBER(MATCH(J11,Lists!$J$2:$J$9,0)),I11,""))) -> Required | Q11: =IF(I11="Required",0,IF(ISNUMBER(MATCH(J11,Lists!$I$2:$I$4,0)),L11)) -> 0 | R11: =IF(I11="Required",0,IF(ISNUMBER(MATCH(J11,Lists!$K$2:$K$7,0)),L11)) -> 0 | S11: =IF(I11="Required",0,IF(ISNUMBER(MATCH(J11,Lists!$G$2:$G$4,0)),L11)) -> 0 | T11: =IF(I11="Required",0,IF(ISNUMBER(MATCH(J11,Lists!$G$7:$G$8,0)),L11)) -> 0 | U11: =IF(I11="Required",0,IF(ISNUMBER(MATCH(J11,Lists!$H$2:$H$4,0)),K11)) -> 0 | V11: =IF(A11="P",IF(IFERROR(SEARCH("Pending Documentation",J11),0)>0,IF(I11="Required",1,I11),0),0) -> 0 | W11: =IF(A11="P",IF(IFERROR(SEARCH("Pending On-site Assessment",J11),0)>0,IF(I11="Required",1,I11),0),0) -> 0
A12: P | F12: A01.2 Meet Thresholds for Organic Gases | G12: ='Review Comments'!F11 -> 0 | H12: ='Review Comments'!G11 -> Required | I12: =IF(H12="Yes",G12,IF(H12="Required","Required","")) -> Required | J12: =IF('Review Comments'!H11=0,"",'Review Comments'!H11) -> Achieved | K12: =IF(I12="Required","Required",IF(ISNUMBER(MATCH(J12,Lists!$H$2:$H$9,0)),I12,"")) -> Required | L12: =IF(I12="Required","Required",IF(ISNUMBER(MATCH(J12,Lists!$I$2:$I$9,0)),I12,IF(ISNUMBER(MATCH(J12,Lists!$J$2:$J$9,0)),I12,""))) -> Required | Q12: =IF(I12="Required",0,IF(ISNUMBER(MATCH(J12,Lists!$I$2:$I$4,0)),L12)) -> 0 | R12: =IF(I12="Required",0,IF(ISNUMBER(MATCH(J12,Lists!$K$2:$K$7,0)),L12)) -> 0 | S12: =IF(I12="Required",0,IF(ISNUMBER(MATCH(J12,Lists!$G$2:$G$4,0)),L12)) -> 0 | T12: =IF(I12="Required",0,IF(ISNUMBER(MATCH(J12,Lists!$G$7:$G$8,0)),L12)) -> 0 | U12: =IF(I12="Required",0,IF(ISNUMBER(MATCH(J12,Lists!$H$2:$H$4,0)),K12)) -> 0 | V12: =IF(A12="P",IF(IFERROR(SEARCH("Pending Documentation",J12),0)>0,IF(I12="Required",1,I12),0),0) -> 0 | W12: =IF(A12="P",IF(IFERROR(SEARCH("Pending On-site Assessment",J12),0)>0,IF(I12="Required",1,I12),0),0) -> 0
A13: P | F13: A01.3 Meet Thresholds for Inorganic Gases | G13: ='Review Comments'!F13 -> 0 | H13: ='Review Comments'!G13 -> Required | I13: =IF(H13="Yes",G13,IF(H13="Required","Required","")) -> Required | J13: =IF('Review Comments'!H13=0,"",'Review Comments'!H13) -> Achieved | K13: =IF(I13="Required","Required",IF(ISNUMBER(MATCH(J13,Lists!$H$2:$H$9,0)),I13,"")) -> Required | L13: =IF(I13="Required","Required",IF(ISNUMBER(MATCH(J13,Lists!$I$2:$I$9,0)),I13,IF(ISNUMBER(MATCH(J13,Lists!$J$2:$J$9,0)),I13,""))) -> Required | Q13: =IF(I13="Required",0,IF(ISNUMBER(MATCH(J13,Lists!$I$2:$I$4,0)),L13)) -> 0 | R13: =IF(I13="Required",0,IF(ISNUMBER(MATCH(J13,Lists!$K$2:$K$7,0)),L13)) -> 0 | S13: =IF(I13="Required",0,IF(ISNUMBER(MATCH(J13,Lists!$G$2:$G$4,0)),L13)) -> 0 | T13: =IF(I13="Required",0,IF(ISNUMBER(MATCH(J13,Lists!$G$7:$G$8,0)),L13)) -> 0 | U13: =IF(I13="Required",0,IF(ISNUMBER(MATCH(J13,Lists!$H$2:$H$4,0)),K13)) -> 0 | V13: =IF(A13="P",IF(IFERROR(SEARCH("Pending Documentation",J13),0)>0,IF(I13="Required",1,I13),0),0) -> 0 | W13: =IF(A13="P",IF(IFERROR(SEARCH("Pending On-site Assessment",J13),0)>0,IF(I13="Required",1,I13),0),0) -> 0
A14: P | F14: A01.4 Meet Radon Threshold | G14: ='Review Comments'!F14 -> 0 | H14: ='Review Comments'!G14 -> Required | I14: =IF(H14="Yes",G14,IF(H14="Required","Required","")) -> Required | J14: =IF('Review Comments'!H14=0,"",'Review Comments'!H14) -> Achieved | K14: =IF(I14="Required","Required",IF(ISNUMBER(MATCH(J14,Lists!$H$2:$H$9,0)),I14,"")) -> Required | L14: =IF(I14="Required","Required",IF(ISNUMBER(MATCH(J14,Lists!$I$2:$I$9,0)),I14,IF(ISNUMBER(MATCH(J14,Lists!$J$2:$J$9,0)),I14,""))) -> Required | Q14: =IF(I14="Required",0,IF(ISNUMBER(MATCH(J14,Lists!$I$2:$I$4,0)),L14)) -> 0 | R14: =IF(I14="Required",0,IF(ISNUMBER(MATCH(J14,Lists!$K$2:$K$7,0)),L14)) -> 0 | S14: =IF(I14="Required",0,IF(ISNUMBER(MATCH(J14,Lists!$G$2:$G$4,0)),L14)) -> 0 | T14: =IF(I14="Required",0,IF(ISNUMBER(MATCH(J14,Lists!$G$7:$G$8,0)),L14)) -> 0 | U14: =IF(I14="Required",0,IF(ISNUMBER(MATCH(J14,Lists!$H$2:$H$4,0)),K14)) -> 0 | V14: =IF(A14="P",IF(IFERROR(SEARCH("Pending Documentation",J14),0)>0,IF(I14="Required",1,I14),0),0) -> 0 | W14: =IF(A14="P",IF(IFERROR(SEARCH("Pending On-site Assessment",J14),0)>0,IF(I14="Required",1,I14),0),0) -> 0
A15: P | F15: A01.5 Monitor Fundamental Air Parameters | G15: ='Review Comments'!F15 -> 0 | H15: ='Review Comments'!G15 -> Required | I15: =IF(H15="Yes",G15,IF(H15="Required","Required","")) -> Required | J15: =IF('Review Comments'!H15=0,"",'Review Comments'!H15) -> Achieved | K15: =IF(I15="Required","Required",IF(ISNUMBER(MATCH(J15,Lists!$H$2:$H$9,0)),I15,"")) -> Required | L15: =IF(I15="Required","Required",IF(ISNUMBER(MATCH(J15,Lists!$I$2:$I$9,0)),I15,IF(ISNUMBER(MATCH(J15,Lists!$J$2:$J$9,0)),I15,""))) -> Required | Q15: =IF(I15="Required",0,IF(ISNUMBER(MATCH(J15,Lists!$I$2:$I$4,0)),L15)) -> 0 | R15: =IF(I15="Required",0,IF(ISNUMBER(MATCH(J15,Lists!$K$2:$K$7,0)),L15)) -> 0 | S15: =IF(I15="Required",0,IF(ISNUMBER(MATCH(J15,Lists!$G$2:$G$4,0)),L15)) -> 0 | T15: =IF(I15="Required",0,IF(ISNUMBER(MATCH(J15,Lists!$G$7:$G$8,0)),L15)) -> 0 | U15: =IF(I15="Required",0,IF(ISNUMBER(MATCH(J15,Lists!$H$2:$H$4,0)),K15)) -> 0 | V15: =IF(A15="P",IF(IFERROR(SEARCH("Pending Documentation",J15),0)>0,IF(I15="Required",1,I15),0),0) -> 0 | W15: =IF(A15="P",IF(IFERROR(SEARCH("Pending On-site Assessment",J15),0)>0,IF(I15="Required",1,I15),0),0) -> 0
A16: P | D16: P | E16: A02. Smoke-Free Environment | F16: A02.1 Prohibit Indoor Smoking | G16: ='Review Comments'!F16 -> 0 | H16: ='Review Comments'!G16 -> Required | I16: =IF(H16="Yes",G16,IF(H16="Required","Required","")) -> Required | J16: =IF('Review Comments'!H16=0,"",'Review Comments'!H16) -> Achieved | K16: =IF(I16="Required","Required",IF(ISNUMBER(MATCH(J16,Lists!$H$2:$H$9,0)),I16,"")) -> Required | L16: =IF(I16="Required","Required",IF(ISNUMBER(MATCH(J16,Lists!$I$2:$I$9,0)),I16,IF(ISNUMBER(MATCH(J16,Lists!$J$2:$J$9,0)),I16,""))) -> Required | Q16: =IF(I16="Required",0,IF(ISNUMBER(MATCH(J16,Lists!$I$2:$I$4,0)),L16)) -> 0 | R16: =IF(I16="Required",0,IF(ISNUMBER(MATCH(J16,Lists!$K$2:$K$7,0)),L16)) -> 0 | S16: =IF(I16="Required",0,IF(ISNUMBER(MATCH(J16,Lists!$G$2:$G$4,0)),L16)) -> 0 | T16: =IF(I16="Required",0,IF(ISNUMBER(MATCH(J16,Lists!$G$7:$G$8,0)),L16)) -> 0 | U16: =IF(I16="Required",0,IF(ISNUMBER(MATCH(J16,Lists!$H$2:$H$4,0)),K16)) -> 0 | V16: =IF(A16="P",IF(IFERROR(SEARCH("Pending Documentation",J16),0)>0,IF(I16="Required",1,I16),0),0) -> 0 | W16: =IF(A16="P",IF(IFERROR(SEARCH("Pending On-site Assessment",J16),0)>0,IF(I16="Required",1,I16),0),0) -> 0
A17: P | F17: A02.2 Prohibit Outdoor Smoking | G17: ='Review Comments'!F17 -> 0 | H17: ='Review Comments'!G17 -> Required | I17: =IF(H17="Yes",G17,IF(H17="Required","Required","")) -> Required | J17: =IF('Review Comments'!H17=0,"",'Review Comments'!H17) -> Achieved | K17: =IF(I17="Required","Required",IF(ISNUMBER(MATCH(J17,Lists!$H$2:$H$9,0)),I17,"")) -> Required | L17: =IF(I17="Required","Required",IF(ISNUMBER(MATCH(J17,Lists!$I$2:$I$9,0)),I17,IF(ISNUMBER(MATCH(J17,Lists!$J$2:$J$9,0)),I17,""))) -> Required | Q17: =IF(I17="Required",0,IF(ISNUMBER(MATCH(J17,Lists!$I$2:$I$4,0)),L17)) -> 0 | R17: =IF(I17="Required",0,IF(ISNUMBER(MATCH(J17,Lists!$K$2:$K$7,0)),L17)) -> 0 | S17: =IF(I17="Required",0,IF(ISNUMBER(MATCH(J17,Lists!$G$2:$G$4,0)),L17)) -> 0 | T17: =IF(I17="Required",0,IF(ISNUMBER(MATCH(J17,Lists!$G$7:$G$8,0)),L17)) -> 0 | U17: =IF(I17="Required",0,IF(ISNUMBER(MATCH(J17,Lists!$H$2:$H$4,0)),K17)) -> 0 | V17: =IF(A17="P",IF(IFERROR(SEARCH("Pending Documentation",J17),0)>0,IF(I17="Required",1,I17),0),0) -> 0 | W17: =IF(A17="P",IF(IFERROR(SEARCH("Pending On-site Assessment",J17),0)>0,IF(I17="Required",1,I17),0),0) -> 0
A18: P | D18: P | E18: A03. Ventilation Effectiveness | F18: A03.1 Ensure Adequate Ventilation | G18: ='Review Comments'!F18 -> 0 | H18: ='Review Comments'!G18 -> Required | I18: =IF(H18="Yes",G18,IF(H18="Required","Required","")) -> Required | J18: =IF('Review Comments'!H18=0,"",'Review Comments'!H18) -> Achieved | K18: =IF(I18="Required","Required",IF(ISNUMBER(MATCH(J18,Lists!$H$2:$H$9,0)),I18,"")) -> Required | L18: =IF(I18="Required","Required",IF(ISNUMBER(MATCH(J18,Lists!$I$2:$I$9,0)),I18,IF(ISNUMBER(MATCH(J18,Lists!$J$2:$J$9,0)),I18,""))) -> Required | Q18: =IF(I18="Required",0,IF(ISNUMBER(MATCH(J18,Lists!$I$2:$I$4,0)),L18)) -> 0 | R18: =IF(I18="Required",0,IF(ISNUMBER(MATCH(J18,Lists!$K$2:$K$7,0)),L18)) -> 0 | S18: =IF(I18="Required",0,IF(ISNUMBER(MATCH(J18,Lists!$G$2:$G$4,0)),L18)) -> 0 | T18: =IF(I18="Required",0,IF(ISNUMBER(MATCH(J18,Lists!$G$7:$G$8,0)),L18)) -> 0 | U18: =IF(I18="Required",0,IF(ISNUMBER(MATCH(J18,Lists!$H$2:$H$4,0)),K18)) -> 0 | V18: =IF(A18="P",IF(IFERROR(SEARCH("Pending Documentation",J18),0)>0,IF(I18="Required",1,I18),0),0) -> 0 | W18: =IF(A18="P",IF(IFERROR(SEARCH("Pending On-site Assessment",J18),0)>0,IF(I18="Required",1,I18),0),0) -> 0
A19: P | F19: A03.2 Conduct System Balancing | G19: ='Review Comments'!F19 -> 0 | H19: ='Review Comments'!G19 -> Required | I19: =IF(H19="Yes",G19,IF(H19="Required","Required","")) -> Required | J19: =IF('Review Comments'!H19=0,"",'Review Comments'!H19) -> Achieved | K19: =IF(I19="Required","Required",IF(ISNUMBER(MATCH(J19,Lists!$H$2:$H$9,0)),I19,"")) -> Required | L19: =IF(I19="Required","Required",IF(ISNUMBER(MATCH(J19,Lists!$I$2:$I$9,0)),I19,IF(ISNUMBER(MATCH(J19,Lists!$J$2:$J$9,0)),I19,""))) -> Required | Q19: =IF(I19="Required",0,IF(ISNUMBER(MATCH(J19,Lists!$I$2:$I$4,0)),L19)) -> 0 | R19: =IF(I19="Required",0,IF(ISNUMBER(MATCH(J19,Lists!$K$2:$K$7,0)),L19)) -> 0 | S19: =IF(I19="Required",0,IF(ISNUMBER(MATCH(J19,Lists!$G$2:$G$4,0)),L19)) -> 0 | T19: =IF(I19="Required",0,IF(ISNUMBER(MATCH(J19,Lists!$G$7:$G$8,0)),L19)) -> 0 | U19: =IF(I19="Required",0,IF(ISNUMBER(MATCH(J19,Lists!$H$2:$H$4,0)),K19)) -> 0 | V19: =IF(A19="P",IF(IFERROR(SEARCH("Pending Documentation",J19),0)>0,IF(I19="Required",1,I19),0),0) -> 0 | W19: =IF(A19="P",IF(IFERROR(SEARCH("Pending On-site Assessment",J19),0)>0,IF(I19="Required",1,I19),0),0) -> 0
A20: P | D20: P | E20: A04. Construction Pollution Management | F20: A04.1 Mitigate Construction Pollution | G20: ='Review Comments'!F20 -> 0 | H20: ='Review Comments'!G20 -> Required | I20: =IF(H20="Yes",G20,IF(H20="Required","Required","")) -> Required | J20: =IF('Review Comments'!H20=0,"",'Review Comments'!H20) -> Achieved | K20: =IF(I20="Required","Required",IF(ISNUMBER(MATCH(J20,Lists!$H$2:$H$9,0)),I20,"")) -> Required | L20: =IF(I20="Required","Required",IF(ISNUMBER(MATCH(J20,Lists!$I$2:$I$9,0)),I20,IF(ISNUMBER(MATCH(J20,Lists!$J$2:$J$9,0)),I20,""))) -> Required | Q20: =IF(I20="Required",0,IF(ISNUMBER(MATCH(J20,Lists!$I$2:$I$4,0)),L20)) -> 0 | R20: =IF(I20="Required",0,IF(ISNUMBER(MATCH(J20,Lists!$K$2:$K$7,0)),L20)) -> 0 | S20: =IF(I20="Required",0,IF(ISNUMBER(MATCH(J20,Lists!$G$2:$G$4,0)),L20)) -> 0 | T20: =IF(I20="Required",0,IF(ISNUMBER(MATCH(J20,Lists!$G$7:$G$8,0)),L20)) -> 0 | U20: =IF(I20="Required",0,IF(ISNUMBER(MATCH(J20,Lists!$H$2:$H$4,0)),K20)) -> 0 | V20: =IF(A20="P",IF(IFERROR(SEARCH("Pending Documentation",J20),0)>0,IF(I20="Required",1,I20),0),0) -> 0 | W20: =IF(A20="P",IF(IFERROR(SEARCH("Pending On-site Assessment",J20),0)>0,IF(I20="Required",1,I20),0),0) -> 0
A21: O | D21: O | E21: A05. Enhanced Air Quality | F21: A05.1 / 2 Points Meet Enhanced Thresholds for Particulate Matter | G21: ='Review Comments'!F21 -> 2 | H21: ='Review Comments'!G21 -> Yes | I21: =IF(H21="Yes",G21,IF(H21="Required","Required","")) -> 2 | J21: =IF('Review Comments'!H21=0,"",'Review Comments'!H21) -> Achieved | K21: =IF(I21="Required","Required",IF(ISNUMBER(MATCH(J21,Lists!$H$2:$H$9,0)),I21,"")) -> 2 | L21: =IF(I21="Required","Required",IF(ISNUMBER(MATCH(J21,Lists!$I$2:$I$9,0)),I21,IF(ISNUMBER(MATCH(J21,Lists!$J$2:$J$9,0)),I21,""))) | Q21: =IF(I21="Required",0,IF(ISNUMBER(MATCH(J21,Lists!$I$2:$I$4,0)),L21)) -> FALSE | R21: =IF(I21="Required",0,IF(ISNUMBER(MATCH(J21,Lists!$K$2:$K$7,0)),L21)) -> FALSE | S21: =IF(I21="Required",0,IF(ISNUMBER(MATCH(J21,Lists!$G$2:$G$4,0)),L21)) -> FALSE | T21: =IF(I21="Required",0,IF(ISNUMBER(MATCH(J21,Lists!$G$7:$G$8,0)),L21)) -> FALSE | U21: =IF(I21="Required",0,IF(ISNUMBER(MATCH(J21,Lists!$H$2:$H$4,0)),K21)) -> 2 | V21: =IF(A21="P",IF(IFERROR(SEARCH("Pending Documentation",J21),0)>0,IF(I21="Required",1,I21),0),0) -> 0 | W21: =IF(A21="P",IF(IFERROR(SEARCH("Pending On-site Assessment",J21),0)>0,IF(I21="Required",1,I21),0),0) -> 0
A22: O | F22: A05.2 / 1 Point Meet Enhanced Thresholds for Organic Gases | G22: ='Review Comments'!F22 -> 1 | H22: ='Review Comments'!G22 -> Yes | I22: =IF(H22="Yes",G22,IF(H22="Required","Required","")) -> 1 | J22: =IF('Review Comments'!H22=0,"",'Review Comments'!H22) -> Achieved | K22: =IF(I22="Required","Required",IF(ISNUMBER(MATCH(J22,Lists!$H$2:$H$9,0)),I22,"")) -> 1 | L22: =IF(I22="Required","Required",IF(ISNUMBER(MATCH(J22,Lists!$I$2:$I$9,0)),I22,IF(ISNUMBER(MATCH(J22,Lists!$J$2:$J$9,0)),I22,""))) | Q22: =IF(I22="Required",0,IF(ISNUMBER(MATCH(J22,Lists!$I$2:$I$4,0)),L22)) -> FALSE | R22: =IF(I22="Required",0,IF(ISNUMBER(MATCH(J22,Lists!$K$2:$K$7,0)),L22)) -> FALSE | S22: =IF(I22="Required",0,IF(ISNUMBER(MATCH(J22,Lists!$G$2:$G$4,0)),L22)) -> FALSE | T22: =IF(I22="Required",0,IF(ISNUMBER(MATCH(J22,Lists!$G$7:$G$8,0)),L22)) -> FALSE | U22: =IF(I22="Required",0,IF(ISNUMBER(MATCH(J22,Lists!$H$2:$H$4,0)),K22)) -> 1 | V22: =IF(A22="P",IF(IFERROR(SEARCH("Pending Documentation",J22),0)>0,IF(I22="Required",1,I22),0),0) -> 0 | W22: =IF(A22="P",IF(IFERROR(SEARCH("Pending On-site Assessment",J22),0)>0,IF(I22="Required",1,I22),0),0) -> 0
A23: O | F23: A05.3 / 1 Point Meet Enhanced Thresholds for Inorganic Gases | G23: ='Review Comments'!F24 -> 0 | H23: ='Review Comments'!G24 -> No | I23: =IF(H23="Yes",G23,IF(H23="Required","Required","")) | J23: =IF('Review Comments'!H24=0,"",'Review Comments'!H24) -> Not Attempted | K23: =IF(I23="Required","Required",IF(ISNUMBER(MATCH(J23,Lists!$H$2:$H$9,0)),I23,"")) | L23: =IF(I23="Required","Required",IF(ISNUMBER(MATCH(J23,Lists!$I$2:$I$9,0)),I23,IF(ISNUMBER(MATCH(J23,Lists!$J$2:$J$9,0)),I23,""))) | Q23: =IF(I23="Required",0,IF(ISNUMBER(MATCH(J23,Lists!$I$2:$I$4,0)),L23)) -> FALSE | R23: =IF(I23="Required",0,IF(ISNUMBER(MATCH(J23,Lists!$K$2:$K$7,0)),L23)) -> FALSE | S23: =IF(I23="Required",0,IF(ISNUMBER(MATCH(J23,Lists!$G$2:$G$4,0)),L23)) -> FALSE | T23: =IF(I23="Required",0,IF(ISNUMBER(MATCH(J23,Lists!$G$7:$G$8,0)),L23)) -> FALSE | U23: =IF(I23="Required",0,IF(ISNUMBER(MATCH(J23,Lists!$H$2:$H$4,0)),K23)) -> FALSE | V23: =IF(A23="P",IF(IFERROR(SEARCH("Pending Documentation",J23),0)>0,IF(I23="Required",1,I23),0),0) -> 0 | W23: =IF(A23="P",IF(IFERROR(SEARCH("Pending On-site Assessment",J23),0)>0,IF(I23="Required",1,I23),0),0) -> 0
A24: O | D24: O | E24: A06. Enhanced Ventilation | F24: A06.1 / 3 Points Increase Outdoor Air Supply | G24: ='Review Comments'!F25 -> 1 | H24: ='Review Comments'!G25 -> Yes | I24: =IF(H24="Yes",G24,IF(H24="Required","Required","")) -> 1 | J24: =IF('Review Comments'!H25=0,"",'Review Comments'!H25) -> Achieved | K24: =IF(I24="Required","Required",IF(ISNUMBER(MATCH(J24,Lists!$H$2:$H$9,0)),I24,"")) -> 1 | L24: =IF(I24="Required","Required",IF(ISNUMBER(MATCH(J24,Lists!$I$2:$I$9,0)),I24,IF(ISNUMBER(MATCH(J24,Lists!$J$2:$J$9,0)),I24,""))) | Q24: =IF(I24="Required",0,IF(ISNUMBER(MATCH(J24,Lists!$I$2:$I$4,0)),L24)) -> FALSE | R24: =IF(I24="Required",0,IF(ISNUMBER(MATCH(J24,Lists!$K$2:$K$7,0)),L24)) -> FALSE | S24: =IF(I24="Required",0,IF(ISNUMBER(MATCH(J24,Lists!$G$2:$G$4,0)),L24)) -> FALSE | T24: =IF(I24="Required",0,IF(ISNUMBER(MATCH(J24,Lists!$G$7:$G$8,0)),L24)) -> FALSE | U24: =IF(I24="Required",0,IF(ISNUMBER(MATCH(J24,Lists!$H$2:$H$4,0)),K24)) -> 1 | V24: =IF(A24="P",IF(IFERROR(SEARCH("Pending Documentation",J24),0)>0,IF(I24="Required",1,I24),0),0) -> 0 | W24: =IF(A24="P",IF(IFERROR(SEARCH("Pending On-site Assessment",J24),0)>0,IF(I24="Required",1,I24),0),0) -> 0
A25: O | F25: A06.2 / 3 Points Implement Demand-Controlled Ventilation | G25: ='Review Comments'!F26 -> 0 | H25: ='Review Comments'!G26 -> No | I25: =IF(H25="Yes",G25,IF(H25="Required","Required","")) | J25: =IF('Review Comments'!H26=0,"",'Review Comments'!H26) -> Not Attempted | K25: =IF(I25="Required","Required",IF(ISNUMBER(MATCH(J25,Lists!$H$2:$H$9,0)),I25,"")) | L25: =IF(I25="Required","Required",IF(ISNUMBER(MATCH(J25,Lists!$I$2:$I$9,0)),I25,IF(ISNUMBER(MATCH(J25,Lists!$J$2:$J$9,0)),I25,""))) | Q25: =IF(I25="Required",0,IF(ISNUMBER(MATCH(J25,Lists!$I$2:$I$4,0)),L25)) -> FALSE | R25: =IF(I25="Required",0,IF(ISNUMBER(MATCH(J25,Lists!$K$2:$K$7,0)),L25)) -> FALSE | S25: =IF(I25="Required",0,IF(ISNUMBER(MATCH(J25,Lists!$G$2:$G$4,0)),L25)) -> FALSE | T25: =IF(I25="Required",0,IF(ISNUMBER(MATCH(J25,Lists!$G$7:$G$8,0)),L25)) -> FALSE | U25: =IF(I25="Required",0,IF(ISNUMBER(MATCH(J25,Lists!$H$2:$H$4,0)),K25)) -> FALSE | V25: =IF(A25="P",IF(IFERROR(SEARCH("Pending Documentation",J25),0)>0,IF(I25="Required",1,I25),0),0) -> 0 | W25: =IF(A25="P",IF(IFERROR(SEARCH("Pending On-site Assessment",J25),0)>0,IF(I25="Required",1,I25),0),0) -> 0
A26: O | F26: A06.3 / 1 Point Implement Displacement Ventilation | G26: ='Review Comments'!F27 -> 0 | H26: ='Review Comments'!G27 -> No | I26: =IF(H26="Yes",G26,IF(H26="Required","Required","")) | J26: =IF('Review Comments'!H27=0,"",'Review Comments'!H27) -> Not Attempted | K26: =IF(I26="Required","Required",IF(ISNUMBER(MATCH(J26,Lists!$H$2:$H$9,0)),I26,"")) | L26: =IF(I26="Required","Required",IF(ISNUMBER(MATCH(J26,Lists!$I$2:$I$9,0)),I26,IF(ISNUMBER(MATCH(J26,Lists!$J$2:$J$9,0)),I26,""))) | Q26: =IF(I26="Required",0,IF(ISNUMBER(MATCH(J26,Lists!$I$2:$I$4,0)),L26)) -> FALSE | R26: =IF(I26="Required",0,IF(ISNUMBER(MATCH(J26,Lists!$K$2:$K$7,0)),L26)) -> FALSE | S26: =IF(I26="Required",0,IF(ISNUMBER(MATCH(J26,Lists!$G$2:$G$4,0)),L26)) -> FALSE | T26: =IF(I26="Required",0,IF(ISNUMBER(MATCH(J26,Lists!$G$7:$G$8,0)),L26)) -> FALSE | U26: =IF(I26="Required",0,IF(ISNUMBER(MATCH(J26,Lists!$H$2:$H$4,0)),K26)) -> FALSE | V26: =IF(A26="P",IF(IFERROR(SEARCH("Pending Documentation",J26),0)>0,IF(I26="Required",1,I26),0),0) -> 0 | W26: =IF(A26="P",IF(IFERROR(SEARCH("Pending On-site Assessment",J26),0)>0,IF(I26="Required",1,I26),0),0) -> 0
A27: O | F27: A06.4 / 3 Points Implement Advanced Air Distribution | G27: ='Review Comments'!F28 -> 0 | H27: ='Review Comments'!G28 -> No | I27: =IF(H27="Yes",G27,IF(H27="Required","Required","")) | J27: =IF('Review Comments'!H28=0,"",'Review Comments'!H28) -> Not Attempted | K27: =IF(I27="Required","Required",IF(ISNUMBER(MATCH(J27,Lists!$H$2:$H$9,0)),I27,"")) | L27: =IF(I27="Required","Required",IF(ISNUMBER(MATCH(J27,Lists!$I$2:$I$9,0)),I27,IF(ISNUMBER(MATCH(J27,Lists!$J$2:$J$9,0)),I27,""))) | Q27: =IF(I27="Required",0,IF(ISNUMBER(MATCH(J27,Lists!$I$2:$I$4,0)),L27)) -> FALSE | R27: =IF(I27="Required",0,IF(ISNUMBER(MATCH(J27,Lists!$K$2:$K$7,0)),L27)) -> FALSE | S27: =IF(I27="Required",0,IF(ISNUMBER(MATCH(J27,Lists!$G$2:$G$4,0)),L27)) -> FALSE | T27: =IF(I27="Required",0,IF(ISNUMBER(MATCH(J27,Lists!$G$7:$G$8,0)),L27)) -> FALSE | U27: =IF(I27="Required",0,IF(ISNUMBER(MATCH(J27,Lists!$H$2:$H$4,0)),K27)) -> FALSE | V27: =IF(A27="P",IF(IFERROR(SEARCH("Pending Documentation",J27),0)>0,IF(I27="Required",1,I27),0),0) -> 0 | W27: =IF(A27="P",IF(IFERROR(SEARCH("Pending On-site Assessment",J27),0)>0,IF(I27="Required",1,I27),0),0) -> 0
A28: O | D28: O | E28: A07. Operable Windows | F28: A07.1 / 1 Point Provide Operable Windows | G28: ='Review Comments'!F29 -> 0 | H28: ='Review Comments'!G29 -> No | I28: =IF(H28="Yes",G28,IF(H28="Required","Required","")) | J28: =IF('Review Comments'!H29=0,"",'Review Comments'!H29) -> Not Attempted | K28: =IF(I28="Required","Required",IF(ISNUMBER(MATCH(J28,Lists!$H$2:$H$9,0)),I28,"")) | L28: =IF(I28="Required","Required",IF(ISNUMBER(MATCH(J28,Lists!$I$2:$I$9,0)),I28,IF(ISNUMBER(MATCH(J28,Lists!$J$2:$J$9,0)),I28,""))) | Q28: =IF(I28="Required",0,IF(ISNUMBER(MATCH(J28,Lists!$I$2:$I$4,0)),L28)) -> FALSE | R28: =IF(I28="Required",0,IF(ISNUMBER(MATCH(J28,Lists!$K$2:$K$7,0)),L28)) -> FALSE | S28: =IF(I28="Required",0,IF(ISNUMBER(MATCH(J28,Lists!$G$2:$G$4,0)),L28)) -> FALSE | T28: =IF(I28="Required",0,IF(ISNUMBER(MATCH(J28,Lists!$G$7:$G$8,0)),L28)) -> FALSE | U28: =IF(I28="Required",0,IF(ISNUMBER(MATCH(J28,Lists!$H$2:$H$4,0)),K28)) -> FALSE | V28: =IF(A28="P",IF(IFERROR(SEARCH("Pending Documentation",J28),0)>0,IF(I28="Required",1,I28),0),0) -> 0 | W28: =IF(A28="P",IF(IFERROR(SEARCH("Pending On-site Assessment",J28),0)>0,IF(I28="Required",1,I28),0),0) -> 0
A29: O | F29: A07.2 / 1 Point Manage Window Use | G29: ='Review Comments'!F30 -> 0 | H29: ='Review Comments'!G30 -> No | I29: =IF(H29="Yes",G29,IF(H29="Required","Required","")) | J29: =IF('Review Comments'!H30=0,"",'Review Comments'!H30) -> Not Attempted | K29: =IF(I29="Required","Required",IF(ISNUMBER(MATCH(J29,Lists!$H$2:$H$9,0)),I29,"")) | L29: =IF(I29="Required","Required",IF(ISNUMBER(MATCH(J29,Lists!$I$2:$I$9,0)),I29,IF(ISNUMBER(MATCH(J29,Lists!$J$2:$J$9,0)),I29,""))) | Q29: =IF(I29="Required",0,IF(ISNUMBER(MATCH(J29,Lists!$I$2:$I$4,0)),L29)) -> FALSE | R29: =IF(I29="Required",0,IF(ISNUMBER(MATCH(J29,Lists!$K$2:$K$7,0)),L29)) -> FALSE | S29: =IF(I29="Required",0,IF(ISNUMBER(MATCH(J29,Lists!$G$2:$G$4,0)),L29)) -> FALSE | T29: =IF(I29="Required",0,IF(ISNUMBER(MATCH(J29,Lists!$G$7:$G$8,0)),L29)) -> FALSE | U29: =IF(I29="Required",0,IF(ISNUMBER(MATCH(J29,Lists!$H$2:$H$4,0)),K29)) -> FALSE | V29: =IF(A29="P",IF(IFERROR(SEARCH("Pending Documentation",J29),0)>0,IF(I29="Required",1,I29),0),0) -> 0 | W29: =IF(A29="P",IF(IFERROR(SEARCH("Pending On-site Assessment",J29),0)>0,IF(I29="Required",1,I29),0),0) -> 0
A30: O | F30: A07.3 / 1 Point Apply Universal Design to Windows | G30: ='Review Comments'!F31 -> 0 | H30: ='Review Comments'!G31 -> No | I30: =IF(H30="Yes",G30,IF(H30="Required","Required","")) | J30: =IF('Review Comments'!H31=0,"",'Review Comments'!H31) -> Not Attempted | K30: =IF(I30="Required","Required",IF(ISNUMBER(MATCH(J30,Lists!$H$2:$H$9,0)),I30,"")) | L30: =IF(I30="Required","Required",IF(ISNUMBER(MATCH(J30,Lists!$I$2:$I$9,0)),I30,IF(ISNUMBER(MATCH(J30,Lists!$J$2:$J$9,0)),I30,""))) | Q30: =IF(I30="Required",0,IF(ISNUMBER(MATCH(J30,Lists!$I$2:$I$4,0)),L30)) -> FALSE | R30: =IF(I30="Required",0,IF(ISNUMBER(MATCH(J30,Lists!$K$2:$K$7,0)),L30)) -> FALSE | S30: =IF(I30="Required",0,IF(ISNUMBER(MATCH(J30,Lists!$G$2:$G$4,0)),L30)) -> FALSE | T30: =IF(I30="Required",0,IF(ISNUMBER(MATCH(J30,Lists!$G$7:$G$8,0)),L30)) -> FALSE | U30: =IF(I30="Required",0,IF(ISNUMBER(MATCH(J30,Lists!$H$2:$H$4,0)),K30)) -> FALSE | V30: =IF(A30="P",IF(IFERROR(SEARCH("Pending Documentation",J30),0)>0,IF(I30="Required",1,I30),0),0) -> 0 | W30: =IF(A30="P",IF(IFERROR(SEARCH("Pending On-site Assessment",J30),0)>0,IF(I30="Required",1,I30),0),0) -> 0
A31: O | D31: O | E31: A08. Air Quality Monitoring and Awareness | F31: A08.1 / 1 Point Implement Indoor Air Monitors | G31: ='Review Comments'!F32 -> 0 | H31: ='Review Comments'!G32 -> No | I31: =IF(H31="Yes",G31,IF(H31="Required","Required","")) | J31: =IF('Review Comments'!H32=0,"",'Review Comments'!H32) -> Not Attempted | K31: =IF(I31="Required","Required",IF(ISNUMBER(MATCH(J31,Lists!$H$2:$H$9,0)),I31,"")) | L31: =IF(I31="Required","Required",IF(ISNUMBER(MATCH(J31,Lists!$I$2:$I$9,0)),I31,IF(ISNUMBER(MATCH(J31,Lists!$J$2:$J$9,0)),I31,""))) | Q31: =IF(I31="Required",0,IF(ISNUMBER(MATCH(J31,Lists!$I$2:$I$4,0)),L31)) -> FALSE | R31: =IF(I31="Required",0,IF(ISNUMBER(MATCH(J31,Lists!$K$2:$K$7,0)),L31)) -> FALSE | S31: =IF(I31="Required",0,IF(ISNUMBER(MATCH(J31,Lists!$G$2:$G$4,0)),L31)) -> FALSE | T31: =IF(I31="Required",0,IF(ISNUMBER(MATCH(J31,Lists!$G$7:$G$8,0)),L31)) -> FALSE | U31: =IF(I31="Required",0,IF(ISNUMBER(MATCH(J31,Lists!$H$2:$H$4,0)),K31)) -> FALSE | V31: =IF(A31="P",IF(IFERROR(SEARCH("Pending Documentation",J31),0)>0,IF(I31="Required",1,I31),0),0) -> 0 | W31: =IF(A31="P",IF(IFERROR(SEARCH("Pending On-site Assessment",J31),0)>0,IF(I31="Required",1,I31),0),0) -> 0
A32: O | F32: A08.2 / 1 Point Promote Air Quality Awareness | G32: ='Review Comments'!F33 -> 0 | H32: ='Review Comments'!G33 -> No | I32: =IF(H32="Yes",G32,IF(H32="Required","Required","")) | J32: =IF('Review Comments'!H33=0,"",'Review Comments'!H33) -> Not Attempted | K32: =IF(I32="Required","Required",IF(ISNUMBER(MATCH(J32,Lists!$H$2:$H$9,0)),I32,"")) | L32: =IF(I32="Required","Required",IF(ISNUMBER(MATCH(J32,Lists!$I$2:$I$9,0)),I32,IF(ISNUMBER(MATCH(J32,Lists!$J$2:$J$9,0)),I32,""))) | Q32: =IF(I32="Required",0,IF(ISNUMBER(MATCH(J32,Lists!$I$2:$I$4,0)),L32)) -> FALSE | R32: =IF(I32="Required",0,IF(ISNUMBER(MATCH(J32,Lists!$K$2:$K$7,0)),L32)) -> FALSE | S32: =IF(I32="Required",0,IF(ISNUMBER(MATCH(J32,Lists!$G$2:$G$4,0)),L32)) -> FALSE | T32: =IF(I32="Required",0,IF(ISNUMBER(MATCH(J32,Lists!$G$7:$G$8,0)),L32)) -> FALSE | U32: =IF(I32="Required",0,IF(ISNUMBER(MATCH(J32,Lists!$H$2:$H$4,0)),K32)) -> FALSE | V32: =IF(A32="P",IF(IFERROR(SEARCH("Pending Documentation",J32),0)>0,IF(I32="Required",1,I32),0),0) -> 0 | W32: =IF(A32="P",IF(IFERROR(SEARCH("Pending On-site Assessment",J32),0)>0,IF(I32="Required",1,I32),0),0) -> 0
A33: O | D33: O | E33: A09. Pollution Infiltration Management | F33: A09.1 / 1 Point Design Healthy Envelope and Entryways | G33: ='Review Comments'!F34 -> 1 | H33: ='Review Comments'!G34 -> Yes | I33: =IF(H33="Yes",G33,IF(H33="Required","Required","")) -> 1 | J33: =IF('Review Comments'!H34=0,"",'Review Comments'!H34) -> Achieved | K33: =IF(I33="Required","Required",IF(ISNUMBER(MATCH(J33,Lists!$H$2:$H$9,0)),I33,"")) -> 1 | L33: =IF(I33="Required","Required",IF(ISNUMBER(MATCH(J33,Lists!$I$2:$I$9,0)),I33,IF(ISNUMBER(MATCH(J33,Lists!$J$2:$J$9,0)),I33,""))) | Q33: =IF(I33="Required",0,IF(ISNUMBER(MATCH(J33,Lists!$I$2:$I$4,0)),L33)) -> FALSE | R33: =IF(I33="Required",0,IF(ISNUMBER(MATCH(J33,Lists!$K$2:$K$7,0)),L33)) -> FALSE | S33: =IF(I33="Required",0,IF(ISNUMBER(MATCH(J33,Lists!$G$2:$G$4,0)),L33)) -> FALSE | T33: =IF(I33="Required",0,IF(ISNUMBER(MATCH(J33,Lists!$G$7:$G$8,0)),L33)) -> FALSE | U33: =IF(I33="Required",0,IF(ISNUMBER(MATCH(J33,Lists!$H$2:$H$4,0)),K33)) -> 1 | V33: =IF(A33="P",IF(IFERROR(SEARCH("Pending Documentation",J33),0)>0,IF(I33="Required",1,I33),0),0) -> 0 | W33: =IF(A33="P",IF(IFERROR(SEARCH("Pending On-site Assessment",J33),0)>0,IF(I33="Required",1,I33),0),0) -> 0
A34: O | D34: O | E34: A10. Combustion Minimization | F34: A10.1 / 1 Point Manage Combustion | G34: ='Review Comments'!F35 -> 1 | H34: ='Review Comments'!G35 -> Yes | I34: =IF(H34="Yes",G34,IF(H34="Required","Required","")) -> 1 | J34: =IF('Review Comments'!H35=0,"",'Review Comments'!H35) -> Achieved | K34: =IF(I34="Required","Required",IF(ISNUMBER(MATCH(J34,Lists!$H$2:$H$9,0)),I34,"")) -> 1 | L34: =IF(I34="Required","Required",IF(ISNUMBER(MATCH(J34,Lists!$I$2:$I$9,0)),I34,IF(ISNUMBER(MATCH(J34,Lists!$J$2:$J$9,0)),I34,""))) | Q34: =IF(I34="Required",0,IF(ISNUMBER(MATCH(J34,Lists!$I$2:$I$4,0)),L34)) -> FALSE | R34: =IF(I34="Required",0,IF(ISNUMBER(MATCH(J34,Lists!$K$2:$K$7,0)),L34)) -> FALSE | S34: =IF(I34="Required",0,IF(ISNUMBER(MATCH(J34,Lists!$G$2:$G$4,0)),L34)) -> FALSE | T34: =IF(I34="Required",0,IF(ISNUMBER(MATCH(J34,Lists!$G$7:$G$8,0)),L34)) -> FALSE | U34: =IF(I34="Required",0,IF(ISNUMBER(MATCH(J34,Lists!$H$2:$H$4,0)),K34)) -> 1 | V34: =IF(A34="P",IF(IFERROR(SEARCH("Pending Documentation",J34),0)>0,IF(I34="Required",1,I34),0),0) -> 0 | W34: =IF(A34="P",IF(IFERROR(SEARCH("Pending On-site Assessment",J34),0)>0,IF(I34="Required",1,I34),0),0) -> 0
A35: O | D35: O | E35: A11. Source Separation | F35: A11.1 / 1 Point Manage Pollution and Exhaust | G35: ='Review Comments'!F36 -> 1 | H35: ='Review Comments'!G36 -> Yes | I35: =IF(H35="Yes",G35,IF(H35="Required","Required","")) -> 1 | J35: =IF('Review Comments'!H36=0,"",'Review Comments'!H36) -> Achieved | K35: =IF(I35="Required","Required",IF(ISNUMBER(MATCH(J35,Lists!$H$2:$H$9,0)),I35,"")) -> 1 | L35: =IF(I35="Required","Required",IF(ISNUMBER(MATCH(J35,Lists!$I$2:$I$9,0)),I35,IF(ISNUMBER(MATCH(J35,Lists!$J$2:$J$9,0)),I35,""))) | Q35: =IF(I35="Required",0,IF(ISNUMBER(MATCH(J35,Lists!$I$2:$I$4,0)),L35)) -> FALSE | R35: =IF(I35="Required",0,IF(ISNUMBER(MATCH(J35,Lists!$K$2:$K$7,0)),L35)) -> FALSE | S35: =IF(I35="Required",0,IF(ISNUMBER(MATCH(J35,Lists!$G$2:$G$4,0)),L35)) -> FALSE | T35: =IF(I35="Required",0,IF(ISNUMBER(MATCH(J35,Lists!$G$7:$G$8,0)),L35)) -> FALSE | U35: =IF(I35="Required",0,IF(ISNUMBER(MATCH(J35,Lists!$H$2:$H$4,0)),K35)) -> 1 | V35: =IF(A35="P",IF(IFERROR(SEARCH("Pending Documentation",J35),0)>0,IF(I35="Required",1,I35),0),0) -> 0 | W35: =IF(A35="P",IF(IFERROR(SEARCH("Pending On-site Assessment",J35),0)>0,IF(I35="Required",1,I35),0),0) -> 0
A36: O | D36: O | E36: A12. Air Filtration | F36: A12.1 / 1 Point Implement Particle Filtration | G36: ='Review Comments'!F37 -> 1 | H36: ='Review Comments'!G37 -> Yes | I36: =IF(H36="Yes",G36,IF(H36="Required","Required","")) -> 1 | J36: =IF('Review Comments'!H37=0,"",'Review Comments'!H37) -> Achieved | K36: =IF(I36="Required","Required",IF(ISNUMBER(MATCH(J36,Lists!$H$2:$H$9,0)),I36,"")) -> 1 | L36: =IF(I36="Required","Required",IF(ISNUMBER(MATCH(J36,Lists!$I$2:$I$9,0)),I36,IF(ISNUMBER(MATCH(J36,Lists!$J$2:$J$9,0)),I36,""))) | Q36: =IF(I36="Required",0,IF(ISNUMBER(MATCH(J36,Lists!$I$2:$I$4,0)),L36)) -> FALSE | R36: =IF(I36="Required",0,IF(ISNUMBER(MATCH(J36,Lists!$K$2:$K$7,0)),L36)) -> FALSE | S36: =IF(I36="Required",0,IF(ISNUMBER(MATCH(J36,Lists!$G$2:$G$4,0)),L36)) -> FALSE | T36: =IF(I36="Required",0,IF(ISNUMBER(MATCH(J36,Lists!$G$7:$G$8,0)),L36)) -> FALSE | U36: =IF(I36="Required",0,IF(ISNUMBER(MATCH(J36,Lists!$H$2:$H$4,0)),K36)) -> 1 | V36: =IF(A36="P",IF(IFERROR(SEARCH("Pending Documentation",J36),0)>0,IF(I36="Required",1,I36),0),0) -> 0 | W36: =IF(A36="P",IF(IFERROR(SEARCH("Pending On-site Assessment",J36),0)>0,IF(I36="Required",1,I36),0),0) -> 0
A37: O | D37: O | E37: A13. Active VOC Control | F37: A13.1 / 1 Point Implement Carbon Filtration | G37: ='Review Comments'!F38 -> 0 | H37: ='Review Comments'!G38 -> No | I37: =IF(H37="Yes",G37,IF(H37="Required","Required","")) | J37: =IF('Review Comments'!H38=0,"",'Review Comments'!H38) -> Not Attempted | K37: =IF(I37="Required","Required",IF(ISNUMBER(MATCH(J37,Lists!$H$2:$H$9,0)),I37,"")) | L37: =IF(I37="Required","Required",IF(ISNUMBER(MATCH(J37,Lists!$I$2:$I$9,0)),I37,IF(ISNUMBER(MATCH(J37,Lists!$J$2:$J$9,0)),I37,""))) | Q37: =IF(I37="Required",0,IF(ISNUMBER(MATCH(J37,Lists!$I$2:$I$4,0)),L37)) -> FALSE | R37: =IF(I37="Required",0,IF(ISNUMBER(MATCH(J37,Lists!$K$2:$K$7,0)),L37)) -> FALSE | S37: =IF(I37="Required",0,IF(ISNUMBER(MATCH(J37,Lists!$G$2:$G$4,0)),L37)) -> FALSE | T37: =IF(I37="Required",0,IF(ISNUMBER(MATCH(J37,Lists!$G$7:$G$8,0)),L37)) -> FALSE | U37: =IF(I37="Required",0,IF(ISNUMBER(MATCH(J37,Lists!$H$2:$H$4,0)),K37)) -> FALSE | V37: =IF(A37="P",IF(IFERROR(SEARCH("Pending Documentation",J37),0)>0,IF(I37="Required",1,I37),0),0) -> 0 | W37: =IF(A37="P",IF(IFERROR(SEARCH("Pending On-site Assessment",J37),0)>0,IF(I37="Required",1,I37),0),0) -> 0
A38: O | D38: O | E38: A14. Microbe and Mold Control | F38: A14.1 / 1 Point Implement Ultraviolet Air Treatment | G38: ='Review Comments'!F39 -> 0 | H38: ='Review Comments'!G39 -> No | I38: =IF(H38="Yes",G38,IF(H38="Required","Required","")) | J38: =IF('Review Comments'!H39=0,"",'Review Comments'!H39) -> Not Attempted | K38: =IF(I38="Required","Required",IF(ISNUMBER(MATCH(J38,Lists!$H$2:$H$9,0)),I38,"")) | L38: =IF(I38="Required","Required",IF(ISNUMBER(MATCH(J38,Lists!$I$2:$I$9,0)),I38,IF(ISNUMBER(MATCH(J38,Lists!$J$2:$J$9,0)),I38,""))) | Q38: =IF(I38="Required",0,IF(ISNUMBER(MATCH(J38,Lists!$I$2:$I$4,0)),L38)) -> FALSE | R38: =IF(I38="Required",0,IF(ISNUMBER(MATCH(J38,Lists!$K$2:$K$7,0)),L38)) -> FALSE | S38: =IF(I38="Required",0,IF(ISNUMBER(MATCH(J38,Lists!$G$2:$G$4,0)),L38)) -> FALSE | T38: =IF(I38="Required",0,IF(ISNUMBER(MATCH(J38,Lists!$G$7:$G$8,0)),L38)) -> FALSE | U38: =IF(I38="Required",0,IF(ISNUMBER(MATCH(J38,Lists!$H$2:$H$4,0)),K38)) -> FALSE | V38: =IF(A38="P",IF(IFERROR(SEARCH("Pending Documentation",J38),0)>0,IF(I38="Required",1,I38),0),0) -> 0 | W38: =IF(A38="P",IF(IFERROR(SEARCH("Pending On-site Assessment",J38),0)>0,IF(I38="Required",1,I38),0),0) -> 0
A39: O | F39: A14.2 / 1 Point Manage Condensation and Mold | G39: ='Review Comments'!F40 -> 1 | H39: ='Review Comments'!G40 -> Yes | I39: =IF(H39="Yes",G39,IF(H39="Required","Required","")) -> 1 | J39: =IF('Review Comments'!H40=0,"",'Review Comments'!H40) -> Achieved | K39: =IF(I39="Required","Required",IF(ISNUMBER(MATCH(J39,Lists!$H$2:$H$9,0)),I39,"")) -> 1 | L39: =IF(I39="Required","Required",IF(ISNUMBER(MATCH(J39,Lists!$I$2:$I$9,0)),I39,IF(ISNUMBER(MATCH(J39,Lists!$J$2:$J$9,0)),I39,""))) | Q39: =IF(I39="Required",0,IF(ISNUMBER(MATCH(J39,Lists!$I$2:$I$4,0)),L39)) -> FALSE | R39: =IF(I39="Required",0,IF(ISNUMBER(MATCH(J39,Lists!$K$2:$K$7,0)),L39)) -> FALSE | S39: =IF(I39="Required",0,IF(ISNUMBER(MATCH(J39,Lists!$G$2:$G$4,0)),L39)) -> FALSE | T39: =IF(I39="Required",0,IF(ISNUMBER(MATCH(J39,Lists!$G$7:$G$8,0)),L39)) -> FALSE | U39: =IF(I39="Required",0,IF(ISNUMBER(MATCH(J39,Lists!$H$2:$H$4,0)),K39)) -> 1 | V39: =IF(A39="P",IF(IFERROR(SEARCH("Pending Documentation",J39),0)>0,IF(I39="Required",1,I39),0),0) -> 0 | W39: =IF(A39="P",IF(IFERROR(SEARCH("Pending On-site Assessment",J39),0)>0,IF(I39="Required",1,I39),0),0) -> 0
A40: O | G40: =SUM(G11:G39) -> 9 | I40: =SUM(I11:I39) -> 9 | K40: =SUM(K11:K39) -> 9 | L40: =SUM(L11:L39) -> 0 | Q40: =IF(I40="Required",0,IF(ISNUMBER(MATCH(J40,Lists!$I$2:$I$4,0)),L40)) -> FALSE | R40: =IF(I40="Required",0,IF(ISNUMBER(MATCH(J40,Lists!$K$2:$K$7,0)),L40)) -> FALSE | S40: =IF(I40="Required",0,IF(ISNUMBER(MATCH(J40,Lists!$G$2:$G$4,0)),L40)) -> FALSE | T40: =IF(I40="Required",0,IF(ISNUMBER(MATCH(J40,Lists!$G$7:$G$8,0)),L40)) -> FALSE | U40: =IF(I40="Required",0,IF(ISNUMBER(MATCH(J40,Lists!$H$2:$H$4,0)),K40)) -> FALSE | V40: =IF(A40="P",IF(IFERROR(SEARCH("Pending Documentation",J40),0)>0,IF(I40="Required",1,I40),0),0) -> 0 | W40: =IF(A40="P",IF(IFERROR(SEARCH("Pending On-site Assessment",J40),0)>0,IF(I40="Required",1,I40),0),0) -> 0
Q41: =IF(I41="Required",0,IF(ISNUMBER(MATCH(J41,Lists!$I$2:$I$4,0)),L41)) -> FALSE | R41: =IF(I41="Required",0,IF(ISNUMBER(MATCH(J41,Lists!$K$2:$K$7,0)),L41)) -> FALSE | S41: =IF(I41="Required",0,IF(ISNUMBER(MATCH(J41,Lists!$G$2:$G$4,0)),L41)) -> FALSE | T41: =IF(I41="Required",0,IF(ISNUMBER(MATCH(J41,Lists!$G$7:$G$8,0)),L41)) -> FALSE | U41: =IF(I41="Required",0,IF(ISNUMBER(MATCH(J41,Lists!$H$2:$H$4,0)),K41)) -> FALSE | V41: =IF(A41="P",IF(IFERROR(SEARCH("Pending Documentation",J41),0)>0,IF(I41="Required",1,I41),0),0) -> 0 | W41: =IF(A41="P",IF(IFERROR(SEARCH("Pending On-site Assessment",J41),0)>0,IF(I41="Required",1,I41),0),0) -> 0
A42: P | C42: WATER | D42: P | E42: W01. Fundamental Water Quality | F42: W01.1 Meet Sediment Thresholds | G42: ='Review Comments'!F46 -> 0 | H42: ='Review Comments'!G46 -> Required | I42: =IF(H42="Yes",G42,IF(H42="Required","Required","")) -> Required | J42: =IF('Review Comments'!H46=0,"",'Review Comments'!H46) -> Achieved | K42: =IF(I42="Required","Required",IF(ISNUMBER(MATCH(J42,Lists!$H$2:$H$9,0)),I42,"")) -> Required | L42: =IF(I42="Required","Required",IF(ISNUMBER(MATCH(J42,Lists!$I$2:$I$9,0)),I42,IF(ISNUMBER(MATCH(J42,Lists!$J$2:$J$9,0)),I42,""))) -> Required | Q42: =IF(I42="Required",0,IF(ISNUMBER(MATCH(J42,Lists!$I$2:$I$4,0)),L42)) -> 0 | R42: =IF(I42="Required",0,IF(ISNUMBER(MATCH(J42,Lists!$K$2:$K$7,0)),L42)) -> 0 | S42: =IF(I42="Required",0,IF(ISNUMBER(MATCH(J42,Lists!$G$2:$G$4,0)),L42)) -> 0 | T42: =IF(I42="Required",0,IF(ISNUMBER(MATCH(J42,Lists!$G$7:$G$8,0)),L42)) -> 0 | U42: =IF(I42="Required",0,IF(ISNUMBER(MATCH(J42,Lists!$H$2:$H$4,0)),K42)) -> 0 | V42: =IF(A42="P",IF(IFERROR(SEARCH("Pending Documentation",J42),0)>0,IF(I42="Required",1,I42),0),0) -> 0 | W42: =IF(A42="P",IF(IFERROR(SEARCH("Pending On-site Assessment",J42),0)>0,IF(I42="Required",1,I42),0),0) -> 0
A43: P | F43: W01.2 Meet Microorganisms Thresholds | G43: ='Review Comments'!F47 -> 0 | H43: ='Review Comments'!G47 -> Required | I43: =IF(H43="Yes",G43,IF(H43="Required","Required","")) -> Required | J43: =IF('Review Comments'!H47=0,"",'Review Comments'!H47) -> Achieved | K43: =IF(I43="Required","Required",IF(ISNUMBER(MATCH(J43,Lists!$H$2:$H$9,0)),I43,"")) -> Required | L43: =IF(I43="Required","Required",IF(ISNUMBER(MATCH(J43,Lists!$I$2:$I$9,0)),I43,IF(ISNUMBER(MATCH(J43,Lists!$J$2:$J$9,0)),I43,""))) -> Required | Q43: =IF(I43="Required",0,IF(ISNUMBER(MATCH(J43,Lists!$I$2:$I$4,0)),L43)) -> 0 | R43: =IF(I43="Required",0,IF(ISNUMBER(MATCH(J43,Lists!$K$2:$K$7,0)),L43)) -> 0 | S43: =IF(I43="Required",0,IF(ISNUMBER(MATCH(J43,Lists!$G$2:$G$4,0)),L43)) -> 0 | T43: =IF(I43="Required",0,IF(ISNUMBER(MATCH(J43,Lists!$G$7:$G$8,0)),L43)) -> 0 | U43: =IF(I43="Required",0,IF(ISNUMBER(MATCH(J43,Lists!$H$2:$H$4,0)),K43)) -> 0 | V43: =IF(A43="P",IF(IFERROR(SEARCH("Pending Documentation",J43),0)>0,IF(I43="Required",1,I43),0),0) -> 0 | W43: =IF(A43="P",IF(IFERROR(SEARCH("Pending On-site Assessment",J43),0)>0,IF(I43="Required",1,I43),0),0) -> 0
A44: P | F44: W01.3 Monitor Fundamental Water Parameters | G44: ='Review Comments'!F48 -> 0 | H44: ='Review Comments'!G48 -> Required | I44: =IF(H44="Yes",G44,IF(H44="Required","Required","")) -> Required | J44: =IF('Review Comments'!H48=0,"",'Review Comments'!H48) -> Achieved | K44: =IF(I44="Required","Required",IF(ISNUMBER(MATCH(J44,Lists!$H$2:$H$9,0)),I44,"")) -> Required | L44: =IF(I44="Required","Required",IF(ISNUMBER(MATCH(J44,Lists!$I$2:$I$9,0)),I44,IF(ISNUMBER(MATCH(J44,Lists!$J$2:$J$9,0)),I44,""))) -> Required | Q44: =IF(I44="Required",0,IF(ISNUMBER(MATCH(J44,Lists!$I$2:$I$4,0)),L44)) -> 0 | R44: =IF(I44="Required",0,IF(ISNUMBER(MATCH(J44,Lists!$K$2:$K$7,0)),L44)) -> 0 | S44: =IF(I44="Required",0,IF(ISNUMBER(MATCH(J44,Lists!$G$2:$G$4,0)),L44)) -> 0 | T44: =IF(I44="Required",0,IF(ISNUMBER(MATCH(J44,Lists!$G$7:$G$8,0)),L44)) -> 0 | U44: =IF(I44="Required",0,IF(ISNUMBER(MATCH(J44,Lists!$H$2:$H$4,0)),K44)) -> 0 | V44: =IF(A44="P",IF(IFERROR(SEARCH("Pending Documentation",J44),0)>0,IF(I44="Required",1,I44),0),0) -> 0 | W44: =IF(A44="P",IF(IFERROR(SEARCH("Pending On-site Assessment",J44),0)>0,IF(I44="Required",1,I44),0),0) -> 0
A45: P | D45: P | E45: W02. Water Contaminants | F45: W02.1 Meet Dissolved Metal Thresholds | G45: ='Review Comments'!F49 -> 0 | H45: ='Review Comments'!G49 -> Required | I45: =IF(H45="Yes",G45,IF(H45="Required","Required","")) -> Required | J45: =IF('Review Comments'!H49=0,"",'Review Comments'!H49) -> Achieved | K45: =IF(I45="Required","Required",IF(ISNUMBER(MATCH(J45,Lists!$H$2:$H$9,0)),I45,"")) -> Required | L45: =IF(I45="Required","Required",IF(ISNUMBER(MATCH(J45,Lists!$I$2:$I$9,0)),I45,IF(ISNUMBER(MATCH(J45,Lists!$J$2:$J$9,0)),I45,""))) -> Required | Q45: =IF(I45="Required",0,IF(ISNUMBER(MATCH(J45,Lists!$I$2:$I$4,0)),L45)) -> 0 | R45: =IF(I45="Required",0,IF(ISNUMBER(MATCH(J45,Lists!$K$2:$K$7,0)),L45)) -> 0 | S45: =IF(I45="Required",0,IF(ISNUMBER(MATCH(J45,Lists!$G$2:$G$4,0)),L45)) -> 0 | T45: =IF(I45="Required",0,IF(ISNUMBER(MATCH(J45,Lists!$G$7:$G$8,0)),L45)) -> 0 | U45: =IF(I45="Required",0,IF(ISNUMBER(MATCH(J45,Lists!$H$2:$H$4,0)),K45)) -> 0 | V45: =IF(A45="P",IF(IFERROR(SEARCH("Pending Documentation",J45),0)>0,IF(I45="Required",1,I45),0),0) -> 0 | W45: =IF(A45="P",IF(IFERROR(SEARCH("Pending On-site Assessment",J45),0)>0,IF(I45="Required",1,I45),0),0) -> 0
A46: P | F46: W02.2 Meet Organic Pollutant Thresholds | G46: ='Review Comments'!F50 -> 0 | H46: ='Review Comments'!G50 -> Required | I46: =IF(H46="Yes",G46,IF(H46="Required","Required","")) -> Required | J46: =IF('Review Comments'!H50=0,"",'Review Comments'!H50) -> Achieved | K46: =IF(I46="Required","Required",IF(ISNUMBER(MATCH(J46,Lists!$H$2:$H$9,0)),I46,"")) -> Required | L46: =IF(I46="Required","Required",IF(ISNUMBER(MATCH(J46,Lists!$I$2:$I$9,0)),I46,IF(ISNUMBER(MATCH(J46,Lists!$J$2:$J$9,0)),I46,""))) -> Required | Q46: =IF(I46="Required",0,IF(ISNUMBER(MATCH(J46,Lists!$I$2:$I$4,0)),L46)) -> 0 | R46: =IF(I46="Required",0,IF(ISNUMBER(MATCH(J46,Lists!$K$2:$K$7,0)),L46)) -> 0 | S46: =IF(I46="Required",0,IF(ISNUMBER(MATCH(J46,Lists!$G$2:$G$4,0)),L46)) -> 0 | T46: =IF(I46="Required",0,IF(ISNUMBER(MATCH(J46,Lists!$G$7:$G$8,0)),L46)) -> 0 | U46: =IF(I46="Required",0,IF(ISNUMBER(MATCH(J46,Lists!$H$2:$H$4,0)),K46)) -> 0 | V46: =IF(A46="P",IF(IFERROR(SEARCH("Pending Documentation",J46),0)>0,IF(I46="Required",1,I46),0),0) -> 0 | W46: =IF(A46="P",IF(IFERROR(SEARCH("Pending On-site Assessment",J46),0)>0,IF(I46="Required",1,I46),0),0) -> 0
A47: P | F47: W02.3 Meet Disinfectant Byproducts Thresholds | G47: ='Review Comments'!F51 -> 0 | H47: ='Review Comments'!G51 -> Required | I47: =IF(H47="Yes",G47,IF(H47="Required","Required","")) -> Required | J47: =IF('Review Comments'!H51=0,"",'Review Comments'!H51) -> Achieved | K47: =IF(I47="Required","Required",IF(ISNUMBER(MATCH(J47,Lists!$H$2:$H$9,0)),I47,"")) -> Required | L47: =IF(I47="Required","Required",IF(ISNUMBER(MATCH(J47,Lists!$I$2:$I$9,0)),I47,IF(ISNUMBER(MATCH(J47,Lists!$J$2:$J$9,0)),I47,""))) -> Required | Q47: =IF(I47="Required",0,IF(ISNUMBER(MATCH(J47,Lists!$I$2:$I$4,0)),L47)) -> 0 | R47: =IF(I47="Required",0,IF(ISNUMBER(MATCH(J47,Lists!$K$2:$K$7,0)),L47)) -> 0 | S47: =IF(I47="Required",0,IF(ISNUMBER(MATCH(J47,Lists!$G$2:$G$4,0)),L47)) -> 0 | T47: =IF(I47="Required",0,IF(ISNUMBER(MATCH(J47,Lists!$G$7:$G$8,0)),L47)) -> 0 | U47: =IF(I47="Required",0,IF(ISNUMBER(MATCH(J47,Lists!$H$2:$H$4,0)),K47)) -> 0 | V47: =IF(A47="P",IF(IFERROR(SEARCH("Pending Documentation",J47),0)>0,IF(I47="Required",1,I47),0),0) -> 0 | W47: =IF(A47="P",IF(IFERROR(SEARCH("Pending On-site Assessment",J47),0)>0,IF(I47="Required",1,I47),0),0) -> 0
A48: P | F48: W02.4 Meet Herbicide and Pesticide Thresholds | G48: ='Review Comments'!F52 -> 0 | H48: ='Review Comments'!G52 -> Required | I48: =IF(H48="Yes",G48,IF(H48="Required","Required","")) -> Required | J48: =IF('Review Comments'!H52=0,"",'Review Comments'!H52) -> Achieved | K48: =IF(I48="Required","Required",IF(ISNUMBER(MATCH(J48,Lists!$H$2:$H$9,0)),I48,"")) -> Required | L48: =IF(I48="Required","Required",IF(ISNUMBER(MATCH(J48,Lists!$I$2:$I$9,0)),I48,IF(ISNUMBER(MATCH(J48,Lists!$J$2:$J$9,0)),I48,""))) -> Required | Q48: =IF(I48="Required",0,IF(ISNUMBER(MATCH(J48,Lists!$I$2:$I$4,0)),L48)) -> 0 | R48: =IF(I48="Required",0,IF(ISNUMBER(MATCH(J48,Lists!$K$2:$K$7,0)),L48)) -> 0 | S48: =IF(I48="Required",0,IF(ISNUMBER(MATCH(J48,Lists!$G$2:$G$4,0)),L48)) -> 0 | T48: =IF(I48="Required",0,IF(ISNUMBER(MATCH(J48,Lists!$G$7:$G$8,0)),L48)) -> 0 | U48: =IF(I48="Required",0,IF(ISNUMBER(MATCH(J48,Lists!$H$2:$H$4,0)),K48)) -> 0 | V48: =IF(A48="P",IF(IFERROR(SEARCH("Pending Documentation",J48),0)>0,IF(I48="Required",1,I48),0),0) -> 0 | W48: =IF(A48="P",IF(IFERROR(SEARCH("Pending On-site Assessment",J48),0)>0,IF(I48="Required",1,I48),0),0) -> 0
A49: P | F49: W02.5 Meet Fertilizer Thresholds | G49: ='Review Comments'!F53 -> 0 | H49: ='Review Comments'!G53 -> Required | I49: =IF(H49="Yes",G49,IF(H49="Required","Required","")) -> Required | J49: =IF('Review Comments'!H53=0,"",'Review Comments'!H53) -> Achieved | K49: =IF(I49="Required","Required",IF(ISNUMBER(MATCH(J49,Lists!$H$2:$H$9,0)),I49,"")) -> Required | L49: =IF(I49="Required","Required",IF(ISNUMBER(MATCH(J49,Lists!$I$2:$I$9,0)),I49,IF(ISNUMBER(MATCH(J49,Lists!$J$2:$J$9,0)),I49,""))) -> Required | Q49: =IF(I49="Required",0,IF(ISNUMBER(MATCH(J49,Lists!$I$2:$I$4,0)),L49)) -> 0 | R49: =IF(I49="Required",0,IF(ISNUMBER(MATCH(J49,Lists!$K$2:$K$7,0)),L49)) -> 0 | S49: =IF(I49="Required",0,IF(ISNUMBER(MATCH(J49,Lists!$G$2:$G$4,0)),L49)) -> 0 | T49: =IF(I49="Required",0,IF(ISNUMBER(MATCH(J49,Lists!$G$7:$G$8,0)),L49)) -> 0 | U49: =IF(I49="Required",0,IF(ISNUMBER(MATCH(J49,Lists!$H$2:$H$4,0)),K49)) -> 0 | V49: =IF(A49="P",IF(IFERROR(SEARCH("Pending Documentation",J49),0)>0,IF(I49="Required",1,I49),0),0) -> 0 | W49: =IF(A49="P",IF(IFERROR(SEARCH("Pending On-site Assessment",J49),0)>0,IF(I49="Required",1,I49),0),0) -> 0
A50: P | F50: W02.6 Meet Public Water Additive Thresholds | G50: ='Review Comments'!F54 -> 0 | H50: ='Review Comments'!G54 -> Required | I50: =IF(H50="Yes",G50,IF(H50="Required","Required","")) -> Required | J50: =IF('Review Comments'!H54=0,"",'Review Comments'!H54) -> Achieved | K50: =IF(I50="Required","Required",IF(ISNUMBER(MATCH(J50,Lists!$H$2:$H$9,0)),I50,"")) -> Required | L50: =IF(I50="Required","Required",IF(ISNUMBER(MATCH(J50,Lists!$I$2:$I$9,0)),I50,IF(ISNUMBER(MATCH(J50,Lists!$J$2:$J$9,0)),I50,""))) -> Required | Q50: =IF(I50="Required",0,IF(ISNUMBER(MATCH(J50,Lists!$I$2:$I$4,0)),L50)) -> 0 | R50: =IF(I50="Required",0,IF(ISNUMBER(MATCH(J50,Lists!$K$2:$K$7,0)),L50)) -> 0 | S50: =IF(I50="Required",0,IF(ISNUMBER(MATCH(J50,Lists!$G$2:$G$4,0)),L50)) -> 0 | T50: =IF(I50="Required",0,IF(ISNUMBER(MATCH(J50,Lists!$G$7:$G$8,0)),L50)) -> 0 | U50: =IF(I50="Required",0,IF(ISNUMBER(MATCH(J50,Lists!$H$2:$H$4,0)),K50)) -> 0 | V50: =IF(A50="P",IF(IFERROR(SEARCH("Pending Documentation",J50),0)>0,IF(I50="Required",1,I50),0),0) -> 0 | W50: =IF(A50="P",IF(IFERROR(SEARCH("Pending On-site Assessment",J50),0)>0,IF(I50="Required",1,I50),0),0) -> 0
A51: P | F51: W02.7 Monitor Water Contaminant Parameters | G51: ='Review Comments'!F55 -> 0 | H51: ='Review Comments'!G55 -> Required | I51: =IF(H51="Yes",G51,IF(H51="Required","Required","")) -> Required | J51: =IF('Review Comments'!H55=0,"",'Review Comments'!H55) -> Achieved | K51: =IF(I51="Required","Required",IF(ISNUMBER(MATCH(J51,Lists!$H$2:$H$9,0)),I51,"")) -> Required | L51: =IF(I51="Required","Required",IF(ISNUMBER(MATCH(J51,Lists!$I$2:$I$9,0)),I51,IF(ISNUMBER(MATCH(J51,Lists!$J$2:$J$9,0)),I51,""))) -> Required | Q51: =IF(I51="Required",0,IF(ISNUMBER(MATCH(J51,Lists!$I$2:$I$4,0)),L51)) -> 0 | R51: =IF(I51="Required",0,IF(ISNUMBER(MATCH(J51,Lists!$K$2:$K$7,0)),L51)) -> 0 | S51: =IF(I51="Required",0,IF(ISNUMBER(MATCH(J51,Lists!$G$2:$G$4,0)),L51)) -> 0 | T51: =IF(I51="Required",0,IF(ISNUMBER(MATCH(J51,Lists!$G$7:$G$8,0)),L51)) -> 0 | U51: =IF(I51="Required",0,IF(ISNUMBER(MATCH(J51,Lists!$H$2:$H$4,0)),K51)) -> 0 | V51: =IF(A51="P",IF(IFERROR(SEARCH("Pending Documentation",J51),0)>0,IF(I51="Required",1,I51),0),0) -> 0 | W51: =IF(A51="P",IF(IFERROR(SEARCH("Pending On-site Assessment",J51),0)>0,IF(I51="Required",1,I51),0),0) -> 0
A52: P | D52: P | E52: W03. Legionella Control | F52: W03.1 Implement Legionella Management Plan | G52: ='Review Comments'!F56 -> 0 | H52: ='Review Comments'!G56 -> Required | I52: =IF(H52="Yes",G52,IF(H52="Required","Required","")) -> Required | J52: =IF('Review Comments'!H56=0,"",'Review Comments'!H56) -> Achieved | K52: =IF(I52="Required","Required",IF(ISNUMBER(MATCH(J52,Lists!$H$2:$H$9,0)),I52,"")) -> Required | L52: =IF(I52="Required","Required",IF(ISNUMBER(MATCH(J52,Lists!$I$2:$I$9,0)),I52,IF(ISNUMBER(MATCH(J52,Lists!$J$2:$J$9,0)),I52,""))) -> Required | Q52: =IF(I52="Required",0,IF(ISNUMBER(MATCH(J52,Lists!$I$2:$I$4,0)),L52)) -> 0 | R52: =IF(I52="Required",0,IF(ISNUMBER(MATCH(J52,Lists!$K$2:$K$7,0)),L52)) -> 0 | S52: =IF(I52="Required",0,IF(ISNUMBER(MATCH(J52,Lists!$G$2:$G$4,0)),L52)) -> 0 | T52: =IF(I52="Required",0,IF(ISNUMBER(MATCH(J52,Lists!$G$7:$G$8,0)),L52)) -> 0 | U52: =IF(I52="Required",0,IF(ISNUMBER(MATCH(J52,Lists!$H$2:$H$4,0)),K52)) -> 0 | V52: =IF(A52="P",IF(IFERROR(SEARCH("Pending Documentation",J52),0)>0,IF(I52="Required",1,I52),0),0) -> 0 | W52: =IF(A52="P",IF(IFERROR(SEARCH("Pending On-site Assessment",J52),0)>0,IF(I52="Required",1,I52),0),0) -> 0
A53: O | D53: O | E53: W04. Enhanced Water Quality | F53: W04.1 / 1 Point Meet Drinking Water Taste Properties | G53: ='Review Comments'!F57 -> 1 | H53: ='Review Comments'!G57 -> Yes | I53: =IF(H53="Yes",G53,IF(H53="Required","Required","")) -> 1 | J53: =IF('Review Comments'!H57=0,"",'Review Comments'!H57) -> Achieved | K53: =IF(I53="Required","Required",IF(ISNUMBER(MATCH(J53,Lists!$H$2:$H$9,0)),I53,"")) -> 1 | L53: =IF(I53="Required","Required",IF(ISNUMBER(MATCH(J53,Lists!$I$2:$I$9,0)),I53,IF(ISNUMBER(MATCH(J53,Lists!$J$2:$J$9,0)),I53,""))) | Q53: =IF(I53="Required",0,IF(ISNUMBER(MATCH(J53,Lists!$I$2:$I$4,0)),L53)) -> FALSE | R53: =IF(I53="Required",0,IF(ISNUMBER(MATCH(J53,Lists!$K$2:$K$7,0)),L53)) -> FALSE | S53: =IF(I53="Required",0,IF(ISNUMBER(MATCH(J53,Lists!$G$2:$G$4,0)),L53)) -> FALSE | T53: =IF(I53="Required",0,IF(ISNUMBER(MATCH(J53,Lists!$G$7:$G$8,0)),L53)) -> FALSE | U53: =IF(I53="Required",0,IF(ISNUMBER(MATCH(J53,Lists!$H$2:$H$4,0)),K53)) -> 1 | V53: =IF(A53="P",IF(IFERROR(SEARCH("Pending Documentation",J53),0)>0,IF(I53="Required",1,I53),0),0) -> 0 | W53: =IF(A53="P",IF(IFERROR(SEARCH("Pending On-site Assessment",J53),0)>0,IF(I53="Required",1,I53),0),0) -> 0
A54: O | D54: O | E54: W05. Water Quality Consistency | F54: W05.1 / 1 Point Test and Display Water Quality | G54: ='Review Comments'!F58 -> 1 | H54: ='Review Comments'!G58 -> Yes | I54: =IF(H54="Yes",G54,IF(H54="Required","Required","")) -> 1 | J54: =IF('Review Comments'!H58=0,"",'Review Comments'!H58) -> Achieved | K54: =IF(I54="Required","Required",IF(ISNUMBER(MATCH(J54,Lists!$H$2:$H$9,0)),I54,"")) -> 1 | L54: =IF(I54="Required","Required",IF(ISNUMBER(MATCH(J54,Lists!$I$2:$I$9,0)),I54,IF(ISNUMBER(MATCH(J54,Lists!$J$2:$J$9,0)),I54,""))) | Q54: =IF(I54="Required",0,IF(ISNUMBER(MATCH(J54,Lists!$I$2:$I$4,0)),L54)) -> FALSE | R54: =IF(I54="Required",0,IF(ISNUMBER(MATCH(J54,Lists!$K$2:$K$7,0)),L54)) -> FALSE | S54: =IF(I54="Required",0,IF(ISNUMBER(MATCH(J54,Lists!$G$2:$G$4,0)),L54)) -> FALSE | T54: =IF(I54="Required",0,IF(ISNUMBER(MATCH(J54,Lists!$G$7:$G$8,0)),L54)) -> FALSE | U54: =IF(I54="Required",0,IF(ISNUMBER(MATCH(J54,Lists!$H$2:$H$4,0)),K54)) -> 1 | V54: =IF(A54="P",IF(IFERROR(SEARCH("Pending Documentation",J54),0)>0,IF(I54="Required",1,I54),0),0) -> 0 | W54: =IF(A54="P",IF(IFERROR(SEARCH("Pending On-site Assessment",J54),0)>0,IF(I54="Required",1,I54),0),0) -> 0
A55: O | F55: W05.2 / 1 Point Filter Drinking Water | G55: ='Review Comments'!F59 -> 1 | H55: ='Review Comments'!G59 -> Yes | I55: =IF(H55="Yes",G55,IF(H55="Required","Required","")) -> 1 | J55: =IF('Review Comments'!H59=0,"",'Review Comments'!H59) -> Achieved | K55: =IF(I55="Required","Required",IF(ISNUMBER(MATCH(J55,Lists!$H$2:$H$9,0)),I55,"")) -> 1 | L55: =IF(I55="Required","Required",IF(ISNUMBER(MATCH(J55,Lists!$I$2:$I$9,0)),I55,IF(ISNUMBER(MATCH(J55,Lists!$J$2:$J$9,0)),I55,""))) | Q55: =IF(I55="Required",0,IF(ISNUMBER(MATCH(J55,Lists!$I$2:$I$4,0)),L55)) -> FALSE | R55: =IF(I55="Required",0,IF(ISNUMBER(MATCH(J55,Lists!$K$2:$K$7,0)),L55)) -> FALSE | S55: =IF(I55="Required",0,IF(ISNUMBER(MATCH(J55,Lists!$G$2:$G$4,0)),L55)) -> FALSE | T55: =IF(I55="Required",0,IF(ISNUMBER(MATCH(J55,Lists!$G$7:$G$8,0)),L55)) -> FALSE | U55: =IF(I55="Required",0,IF(ISNUMBER(MATCH(J55,Lists!$H$2:$H$4,0)),K55)) -> 1 | V55: =IF(A55="P",IF(IFERROR(SEARCH("Pending Documentation",J55),0)>0,IF(I55="Required",1,I55),0),0) -> 0 | W55: =IF(A55="P",IF(IFERROR(SEARCH("Pending On-site Assessment",J55),0)>0,IF(I55="Required",1,I55),0),0) -> 0
A56: O | D56: O | E56: W06. Drinking Water Promotion | F56: W06.1 / 1 Point Ensure Drinking Water Access | G56: ='Review Comments'!F60 -> 1 | H56: ='Review Comments'!G60 -> Yes | I56: =IF(H56="Yes",G56,IF(H56="Required","Required","")) -> 1 | J56: =IF('Review Comments'!H60=0,"",'Review Comments'!H60) -> Achieved | K56: =IF(I56="Required","Required",IF(ISNUMBER(MATCH(J56,Lists!$H$2:$H$9,0)),I56,"")) -> 1 | L56: =IF(I56="Required","Required",IF(ISNUMBER(MATCH(J56,Lists!$I$2:$I$9,0)),I56,IF(ISNUMBER(MATCH(J56,Lists!$J$2:$J$9,0)),I56,""))) | Q56: =IF(I56="Required",0,IF(ISNUMBER(MATCH(J56,Lists!$I$2:$I$4,0)),L56)) -> FALSE | R56: =IF(I56="Required",0,IF(ISNUMBER(MATCH(J56,Lists!$K$2:$K$7,0)),L56)) -> FALSE | S56: =IF(I56="Required",0,IF(ISNUMBER(MATCH(J56,Lists!$G$2:$G$4,0)),L56)) -> FALSE | T56: =IF(I56="Required",0,IF(ISNUMBER(MATCH(J56,Lists!$G$7:$G$8,0)),L56)) -> FALSE | U56: =IF(I56="Required",0,IF(ISNUMBER(MATCH(J56,Lists!$H$2:$H$4,0)),K56)) -> 1 | V56: =IF(A56="P",IF(IFERROR(SEARCH("Pending Documentation",J56),0)>0,IF(I56="Required",1,I56),0),0) -> 0 | W56: =IF(A56="P",IF(IFERROR(SEARCH("Pending On-site Assessment",J56),0)>0,IF(I56="Required",1,I56),0),0) -> 0
A57: O | D57: O | E57: W07. Moisture Management | F57: W07.1 / 1 Point Manage Exterior Liquid Water | G57: ='Review Comments'!F61 -> 1 | H57: ='Review Comments'!G61 -> Yes | I57: =IF(H57="Yes",G57,IF(H57="Required","Required","")) -> 1 | J57: =IF('Review Comments'!H61=0,"",'Review Comments'!H61) -> Achieved | K57: =IF(I57="Required","Required",IF(ISNUMBER(MATCH(J57,Lists!$H$2:$H$9,0)),I57,"")) -> 1 | L57: =IF(I57="Required","Required",IF(ISNUMBER(MATCH(J57,Lists!$I$2:$I$9,0)),I57,IF(ISNUMBER(MATCH(J57,Lists!$J$2:$J$9,0)),I57,""))) | Q57: =IF(I57="Required",0,IF(ISNUMBER(MATCH(J57,Lists!$I$2:$I$4,0)),L57)) -> FALSE | R57: =IF(I57="Required",0,IF(ISNUMBER(MATCH(J57,Lists!$K$2:$K$7,0)),L57)) -> FALSE | S57: =IF(I57="Required",0,IF(ISNUMBER(MATCH(J57,Lists!$G$2:$G$4,0)),L57)) -> FALSE | T57: =IF(I57="Required",0,IF(ISNUMBER(MATCH(J57,Lists!$G$7:$G$8,0)),L57)) -> FALSE | U57: =IF(I57="Required",0,IF(ISNUMBER(MATCH(J57,Lists!$H$2:$H$4,0)),K57)) -> 1 | V57: =IF(A57="P",IF(IFERROR(SEARCH("Pending Documentation",J57),0)>0,IF(I57="Required",1,I57),0),0) -> 0 | W57: =IF(A57="P",IF(IFERROR(SEARCH("Pending On-site Assessment",J57),0)>0,IF(I57="Required",1,I57),0),0) -> 0
A58: O | F58: W07.2 / 1 Point Isolate Moisture-sensitive Materials | G58: ='Review Comments'!F62 -> 1 | H58: ='Review Comments'!G62 -> Yes | I58: =IF(H58="Yes",G58,IF(H58="Required","Required","")) -> 1 | J58: =IF('Review Comments'!H62=0,"",'Review Comments'!H62) -> Achieved | K58: =IF(I58="Required","Required",IF(ISNUMBER(MATCH(J58,Lists!$H$2:$H$9,0)),I58,"")) -> 1 | L58: =IF(I58="Required","Required",IF(ISNUMBER(MATCH(J58,Lists!$I$2:$I$9,0)),I58,IF(ISNUMBER(MATCH(J58,Lists!$J$2:$J$9,0)),I58,""))) | Q58: =IF(I58="Required",0,IF(ISNUMBER(MATCH(J58,Lists!$I$2:$I$4,0)),L58)) -> FALSE | R58: =IF(I58="Required",0,IF(ISNUMBER(MATCH(J58,Lists!$K$2:$K$7,0)),L58)) -> FALSE | S58: =IF(I58="Required",0,IF(ISNUMBER(MATCH(J58,Lists!$G$2:$G$4,0)),L58)) -> FALSE | T58: =IF(I58="Required",0,IF(ISNUMBER(MATCH(J58,Lists!$G$7:$G$8,0)),L58)) -> FALSE | U58: =IF(I58="Required",0,IF(ISNUMBER(MATCH(J58,Lists!$H$2:$H$4,0)),K58)) -> 1 | V58: =IF(A58="P",IF(IFERROR(SEARCH("Pending Documentation",J58),0)>0,IF(I58="Required",1,I58),0),0) -> 0 | W58: =IF(A58="P",IF(IFERROR(SEARCH("Pending On-site Assessment",J58),0)>0,IF(I58="Required",1,I58),0),0) -> 0
A59: O | F59: W07.3 / 1 Point Manage Interior Liquid Water | G59: ='Review Comments'!F63 -> 1 | H59: ='Review Comments'!G63 -> Yes | I59: =IF(H59="Yes",G59,IF(H59="Required","Required","")) -> 1 | J59: =IF('Review Comments'!H63=0,"",'Review Comments'!H63) -> Achieved | K59: =IF(I59="Required","Required",IF(ISNUMBER(MATCH(J59,Lists!$H$2:$H$9,0)),I59,"")) -> 1 | L59: =IF(I59="Required","Required",IF(ISNUMBER(MATCH(J59,Lists!$I$2:$I$9,0)),I59,IF(ISNUMBER(MATCH(J59,Lists!$J$2:$J$9,0)),I59,""))) | Q59: =IF(I59="Required",0,IF(ISNUMBER(MATCH(J59,Lists!$I$2:$I$4,0)),L59)) -> FALSE | R59: =IF(I59="Required",0,IF(ISNUMBER(MATCH(J59,Lists!$K$2:$K$7,0)),L59)) -> FALSE | S59: =IF(I59="Required",0,IF(ISNUMBER(MATCH(J59,Lists!$G$2:$G$4,0)),L59)) -> FALSE | T59: =IF(I59="Required",0,IF(ISNUMBER(MATCH(J59,Lists!$G$7:$G$8,0)),L59)) -> FALSE | U59: =IF(I59="Required",0,IF(ISNUMBER(MATCH(J59,Lists!$H$2:$H$4,0)),K59)) -> 1 | V59: =IF(A59="P",IF(IFERROR(SEARCH("Pending Documentation",J59),0)>0,IF(I59="Required",1,I59),0),0) -> 0 | W59: =IF(A59="P",IF(IFERROR(SEARCH("Pending On-site Assessment",J59),0)>0,IF(I59="Required",1,I59),0),0) -> 0
A60: O | D60: O | E60: W08. Handwashing | F60: W08.1 / 1 Point Provide Adequate Sink | G60: ='Review Comments'!F64 -> 1 | H60: ='Review Comments'!G64 -> Yes | I60: =IF(H60="Yes",G60,IF(H60="Required","Required","")) -> 1 | J60: =IF('Review Comments'!H64=0,"",'Review Comments'!H64) -> Achieved | K60: =IF(I60="Required","Required",IF(ISNUMBER(MATCH(J60,Lists!$H$2:$H$9,0)),I60,"")) -> 1 | L60: =IF(I60="Required","Required",IF(ISNUMBER(MATCH(J60,Lists!$I$2:$I$9,0)),I60,IF(ISNUMBER(MATCH(J60,Lists!$J$2:$J$9,0)),I60,""))) | Q60: =IF(I60="Required",0,IF(ISNUMBER(MATCH(J60,Lists!$I$2:$I$4,0)),L60)) -> FALSE | R60: =IF(I60="Required",0,IF(ISNUMBER(MATCH(J60,Lists!$K$2:$K$7,0)),L60)) -> FALSE | S60: =IF(I60="Required",0,IF(ISNUMBER(MATCH(J60,Lists!$G$2:$G$4,0)),L60)) -> FALSE | T60: =IF(I60="Required",0,IF(ISNUMBER(MATCH(J60,Lists!$G$7:$G$8,0)),L60)) -> FALSE | U60: =IF(I60="Required",0,IF(ISNUMBER(MATCH(J60,Lists!$H$2:$H$4,0)),K60)) -> 1 | V60: =IF(A60="P",IF(IFERROR(SEARCH("Pending Documentation",J60),0)>0,IF(I60="Required",1,I60),0),0) -> 0 | W60: =IF(A60="P",IF(IFERROR(SEARCH("Pending On-site Assessment",J60),0)>0,IF(I60="Required",1,I60),0),0) -> 0
A61: O | F61: W08.2 / 1 Point Provide Handwashing Support | G61: ='Review Comments'!F65 -> 1 | H61: ='Review Comments'!G65 -> Yes | I61: =IF(H61="Yes",G61,IF(H61="Required","Required","")) -> 1 | J61: =IF('Review Comments'!H65=0,"",'Review Comments'!H65) -> Achieved | K61: =IF(I61="Required","Required",IF(ISNUMBER(MATCH(J61,Lists!$H$2:$H$9,0)),I61,"")) -> 1 | L61: =IF(I61="Required","Required",IF(ISNUMBER(MATCH(J61,Lists!$I$2:$I$9,0)),I61,IF(ISNUMBER(MATCH(J61,Lists!$J$2:$J$9,0)),I61,""))) | N61: W09 Hidden | Q61: =IF(I61="Required",0,IF(ISNUMBER(MATCH(J61,Lists!$I$2:$I$4,0)),L61)) -> FALSE | R61: =IF(I61="Required",0,IF(ISNUMBER(MATCH(J61,Lists!$K$2:$K$7,0)),L61)) -> FALSE | S61: =IF(I61="Required",0,IF(ISNUMBER(MATCH(J61,Lists!$G$2:$G$4,0)),L61)) -> FALSE | T61: =IF(I61="Required",0,IF(ISNUMBER(MATCH(J61,Lists!$G$7:$G$8,0)),L61)) -> FALSE | U61: =IF(I61="Required",0,IF(ISNUMBER(MATCH(J61,Lists!$H$2:$H$4,0)),K61)) -> 1 | V61: =IF(A61="P",IF(IFERROR(SEARCH("Pending Documentation",J61),0)>0,IF(I61="Required",1,I61),0),0) -> 0 | W61: =IF(A61="P",IF(IFERROR(SEARCH("Pending On-site Assessment",J61),0)>0,IF(I61="Required",1,I61),0),0) -> 0
A62: O | D62: O | E62: W09. β - Onsite Non-Potable Water Reuse | F62: W09.1 / 1 Point Implement Safety Plan for Non-Potable Water Capture and Reuse | G62: ='Review Comments'!F66 -> 0 | H62: ='Review Comments'!G66 -> 0 | I62: =IF(H62="Yes",G62,IF(H62="Required","Required","")) | J62: =IF('Review Comments'!H66=0,"",'Review Comments'!H66) | K62: =IF(I62="Required","Required",IF(ISNUMBER(MATCH(J62,Lists!$H$2:$H$9,0)),I62,"")) | L62: =IF(I62="Required","Required",IF(ISNUMBER(MATCH(J62,Lists!$I$2:$I$9,0)),I62,IF(ISNUMBER(MATCH(J62,Lists!$J$2:$J$9,0)),I62,""))) | Q62: =IF(I62="Required",0,IF(ISNUMBER(MATCH(J62,Lists!$I$2:$I$4,0)),L62)) -> FALSE | R62: =IF(I62="Required",0,IF(ISNUMBER(MATCH(J62,Lists!$K$2:$K$7,0)),L62)) -> FALSE | S62: =IF(I62="Required",0,IF(ISNUMBER(MATCH(J62,Lists!$G$2:$G$4,0)),L62)) -> FALSE | T62: =IF(I62="Required",0,IF(ISNUMBER(MATCH(J62,Lists!$G$7:$G$8,0)),L62)) -> FALSE | U62: =IF(I62="Required",0,IF(ISNUMBER(MATCH(J62,Lists!$H$2:$H$4,0)),K62)) -> FALSE | V62: =IF(A62="P",IF(IFERROR(SEARCH("Pending Documentation",J62),0)>0,IF(I62="Required",1,I62),0),0) -> 0 | W62: =IF(A62="P",IF(IFERROR(SEARCH("Pending On-site Assessment",J62),0)>0,IF(I62="Required",1,I62),0),0) -> 0
G63: =SUM(G42:G62) -> 9 | I63: =SUM(I42:I62) -> 9 | K63: =SUM(K42:K62) -> 9 | L63: =SUM(L42:L62) -> 0 | Q63: =IF(I63="Required",0,IF(ISNUMBER(MATCH(J63,Lists!$I$2:$I$4,0)),L63)) -> FALSE | R63: =IF(I63="Required",0,IF(ISNUMBER(MATCH(J63,Lists!$K$2:$K$7,0)),L63)) -> FALSE | S63: =IF(I63="Required",0,IF(ISNUMBER(MATCH(J63,Lists!$G$2:$G$4,0)),L63)) -> FALSE | T63: =IF(I63="Required",0,IF(ISNUMBER(MATCH(J63,Lists!$G$7:$G$8,0)),L63)) -> FALSE | U63: =IF(I63="Required",0,IF(ISNUMBER(MATCH(J63,Lists!$H$2:$H$4,0)),K63)) -> FALSE | V63: =IF(A63="P",IF(IFERROR(SEARCH("Pending Documentation",J63),0)>0,IF(I63="Required",1,I63),0),0) -> 0 | W63: =IF(A63="P",IF(IFERROR(SEARCH("Pending On-site Assessment",J63),0)>0,IF(I63="Required",1,I63),0),0) -> 0
Q64: =IF(I64="Required",0,IF(ISNUMBER(MATCH(J64,Lists!$I$2:$I$4,0)),L64)) -> FALSE | R64: =IF(I64="Required",0,IF(ISNUMBER(MATCH(J64,Lists!$K$2:$K$7,0)),L64)) -> FALSE | S64: =IF(I64="Required",0,IF(ISNUMBER(MATCH(J64,Lists!$G$2:$G$4,0)),L64)) -> FALSE | T64: =IF(I64="Required",0,IF(ISNUMBER(MATCH(J64,Lists!$G$7:$G$8,0)),L64)) -> FALSE | U64: =IF(I64="Required",0,IF(ISNUMBER(MATCH(J64,Lists!$H$2:$H$4,0)),K64)) -> FALSE | V64: =IF(A64="P",IF(IFERROR(SEARCH("Pending Documentation",J64),0)>0,IF(I64="Required",1,I64),0),0) -> 0 | W64: =IF(A64="P",IF(IFERROR(SEARCH("Pending On-site Assessment",J64),0)>0,IF(I64="Required",1,I64),0),0) -> 0
A65: P | C65: NOURISHMENT | D65: P | E65: N01. Fruits and Vegetables | F65: N01.1 Ensure Fruit and Vegetable Availability | G65: ='Review Comments'!F72 -> 0 | H65: ='Review Comments'!G72 -> Required | I65: =IF(H65="Yes",G65,IF(H65="Required","Required","")) -> Required | J65: =IF('Review Comments'!H72=0,"",'Review Comments'!H72) -> Achieved | K65: =IF(I65="Required","Required",IF(ISNUMBER(MATCH(J65,Lists!$H$2:$H$9,0)),I65,"")) -> Required | L65: =IF(I65="Required","Required",IF(ISNUMBER(MATCH(J65,Lists!$I$2:$I$9,0)),I65,IF(ISNUMBER(MATCH(J65,Lists!$J$2:$J$9,0)),I65,""))) -> Required | Q65: =IF(I65="Required",0,IF(ISNUMBER(MATCH(J65,Lists!$I$2:$I$4,0)),L65)) -> 0 | R65: =IF(I65="Required",0,IF(ISNUMBER(MATCH(J65,Lists!$K$2:$K$7,0)),L65)) -> 0 | S65: =IF(I65="Required",0,IF(ISNUMBER(MATCH(J65,Lists!$G$2:$G$4,0)),L65)) -> 0 | T65: =IF(I65="Required",0,IF(ISNUMBER(MATCH(J65,Lists!$G$7:$G$8,0)),L65)) -> 0 | U65: =IF(I65="Required",0,IF(ISNUMBER(MATCH(J65,Lists!$H$2:$H$4,0)),K65)) -> 0 | V65: =IF(A65="P",IF(IFERROR(SEARCH("Pending Documentation",J65),0)>0,IF(I65="Required",1,I65),0),0) -> 0 | W65: =IF(A65="P",IF(IFERROR(SEARCH("Pending On-site Assessment",J65),0)>0,IF(I65="Required",1,I65),0),0) -> 0
A66: P | F66: N01.2 Promote Fruit and Vegetable Visibility | G66: ='Review Comments'!F73 -> 0 | H66: ='Review Comments'!G73 -> Required | I66: =IF(H66="Yes",G66,IF(H66="Required","Required","")) -> Required | J66: =IF('Review Comments'!H73=0,"",'Review Comments'!H73) -> Achieved | K66: =IF(I66="Required","Required",IF(ISNUMBER(MATCH(J66,Lists!$H$2:$H$9,0)),I66,"")) -> Required | L66: =IF(I66="Required","Required",IF(ISNUMBER(MATCH(J66,Lists!$I$2:$I$9,0)),I66,IF(ISNUMBER(MATCH(J66,Lists!$J$2:$J$9,0)),I66,""))) -> Required | Q66: =IF(I66="Required",0,IF(ISNUMBER(MATCH(J66,Lists!$I$2:$I$4,0)),L66)) -> 0 | R66: =IF(I66="Required",0,IF(ISNUMBER(MATCH(J66,Lists!$K$2:$K$7,0)),L66)) -> 0 | S66: =IF(I66="Required",0,IF(ISNUMBER(MATCH(J66,Lists!$G$2:$G$4,0)),L66)) -> 0 | T66: =IF(I66="Required",0,IF(ISNUMBER(MATCH(J66,Lists!$G$7:$G$8,0)),L66)) -> 0 | U66: =IF(I66="Required",0,IF(ISNUMBER(MATCH(J66,Lists!$H$2:$H$4,0)),K66)) -> 0 | V66: =IF(A66="P",IF(IFERROR(SEARCH("Pending Documentation",J66),0)>0,IF(I66="Required",1,I66),0),0) -> 0 | W66: =IF(A66="P",IF(IFERROR(SEARCH("Pending On-site Assessment",J66),0)>0,IF(I66="Required",1,I66),0),0) -> 0
A67: P | D67: P | E67: N02. Nutritional Transparency | F67: N02.1 Provide Nutritional Information | G67: ='Review Comments'!F74 -> 0 | H67: ='Review Comments'!G74 -> Required | I67: =IF(H67="Yes",G67,IF(H67="Required","Required","")) -> Required | J67: =IF('Review Comments'!H74=0,"",'Review Comments'!H74) -> Achieved | K67: =IF(I67="Required","Required",IF(ISNUMBER(MATCH(J67,Lists!$H$2:$H$9,0)),I67,"")) -> Required | L67: =IF(I67="Required","Required",IF(ISNUMBER(MATCH(J67,Lists!$I$2:$I$9,0)),I67,IF(ISNUMBER(MATCH(J67,Lists!$J$2:$J$9,0)),I67,""))) -> Required | Q67: =IF(I67="Required",0,IF(ISNUMBER(MATCH(J67,Lists!$I$2:$I$4,0)),L67)) -> 0 | R67: =IF(I67="Required",0,IF(ISNUMBER(MATCH(J67,Lists!$K$2:$K$7,0)),L67)) -> 0 | S67: =IF(I67="Required",0,IF(ISNUMBER(MATCH(J67,Lists!$G$2:$G$4,0)),L67)) -> 0 | T67: =IF(I67="Required",0,IF(ISNUMBER(MATCH(J67,Lists!$G$7:$G$8,0)),L67)) -> 0 | U67: =IF(I67="Required",0,IF(ISNUMBER(MATCH(J67,Lists!$H$2:$H$4,0)),K67)) -> 0 | V67: =IF(A67="P",IF(IFERROR(SEARCH("Pending Documentation",J67),0)>0,IF(I67="Required",1,I67),0),0) -> 0 | W67: =IF(A67="P",IF(IFERROR(SEARCH("Pending On-site Assessment",J67),0)>0,IF(I67="Required",1,I67),0),0) -> 0
A68: P | F68: N02.2 Implement Ingredient Labeling | G68: ='Review Comments'!F75 -> 0 | H68: ='Review Comments'!G75 -> Required | I68: =IF(H68="Yes",G68,IF(H68="Required","Required","")) -> Required | J68: =IF('Review Comments'!H75=0,"",'Review Comments'!H75) -> Achieved | K68: =IF(I68="Required","Required",IF(ISNUMBER(MATCH(J68,Lists!$H$2:$H$9,0)),I68,"")) -> Required | L68: =IF(I68="Required","Required",IF(ISNUMBER(MATCH(J68,Lists!$I$2:$I$9,0)),I68,IF(ISNUMBER(MATCH(J68,Lists!$J$2:$J$9,0)),I68,""))) -> Required | Q68: =IF(I68="Required",0,IF(ISNUMBER(MATCH(J68,Lists!$I$2:$I$4,0)),L68)) -> 0 | R68: =IF(I68="Required",0,IF(ISNUMBER(MATCH(J68,Lists!$K$2:$K$7,0)),L68)) -> 0 | S68: =IF(I68="Required",0,IF(ISNUMBER(MATCH(J68,Lists!$G$2:$G$4,0)),L68)) -> 0 | T68: =IF(I68="Required",0,IF(ISNUMBER(MATCH(J68,Lists!$G$7:$G$8,0)),L68)) -> 0 | U68: =IF(I68="Required",0,IF(ISNUMBER(MATCH(J68,Lists!$H$2:$H$4,0)),K68)) -> 0 | V68: =IF(A68="P",IF(IFERROR(SEARCH("Pending Documentation",J68),0)>0,IF(I68="Required",1,I68),0),0) -> 0 | W68: =IF(A68="P",IF(IFERROR(SEARCH("Pending On-site Assessment",J68),0)>0,IF(I68="Required",1,I68),0),0) -> 0
A69: P | F69: N02.3 Implement Refined Ingredient Labeling | G69: ='Review Comments'!F76 -> 0 | H69: ='Review Comments'!G76 -> Required | I69: =IF(H69="Yes",G69,IF(H69="Required","Required","")) -> Required | J69: =IF('Review Comments'!H76=0,"",'Review Comments'!H76) -> Achieved | K69: =IF(I69="Required","Required",IF(ISNUMBER(MATCH(J69,Lists!$H$2:$H$9,0)),I69,"")) -> Required | L69: =IF(I69="Required","Required",IF(ISNUMBER(MATCH(J69,Lists!$I$2:$I$9,0)),I69,IF(ISNUMBER(MATCH(J69,Lists!$J$2:$J$9,0)),I69,""))) -> Required | Q69: =IF(I69="Required",0,IF(ISNUMBER(MATCH(J69,Lists!$I$2:$I$4,0)),L69)) -> 0 | R69: =IF(I69="Required",0,IF(ISNUMBER(MATCH(J69,Lists!$K$2:$K$7,0)),L69)) -> 0 | S69: =IF(I69="Required",0,IF(ISNUMBER(MATCH(J69,Lists!$G$2:$G$4,0)),L69)) -> 0 | T69: =IF(I69="Required",0,IF(ISNUMBER(MATCH(J69,Lists!$G$7:$G$8,0)),L69)) -> 0 | U69: =IF(I69="Required",0,IF(ISNUMBER(MATCH(J69,Lists!$H$2:$H$4,0)),K69)) -> 0 | V69: =IF(A69="P",IF(IFERROR(SEARCH("Pending Documentation",J69),0)>0,IF(I69="Required",1,I69),0),0) -> 0 | W69: =IF(A69="P",IF(IFERROR(SEARCH("Pending On-site Assessment",J69),0)>0,IF(I69="Required",1,I69),0),0) -> 0
A70: O | D70: O | E70: N03. Refined Ingredients | F70: N03.1 / 1 Point Limit Total Sugars | G70: ='Review Comments'!F77 -> 0 | H70: ='Review Comments'!G77 -> No | I70: =IF(H70="Yes",G70,IF(H70="Required","Required","")) | J70: =IF('Review Comments'!H77=0,"",'Review Comments'!H77) -> Not Attempted | K70: =IF(I70="Required","Required",IF(ISNUMBER(MATCH(J70,Lists!$H$2:$H$9,0)),I70,"")) | L70: =IF(I70="Required","Required",IF(ISNUMBER(MATCH(J70,Lists!$I$2:$I$9,0)),I70,IF(ISNUMBER(MATCH(J70,Lists!$J$2:$J$9,0)),I70,""))) | Q70: =IF(I70="Required",0,IF(ISNUMBER(MATCH(J70,Lists!$I$2:$I$4,0)),L70)) -> FALSE | R70: =IF(I70="Required",0,IF(ISNUMBER(MATCH(J70,Lists!$K$2:$K$7,0)),L70)) -> FALSE | S70: =IF(I70="Required",0,IF(ISNUMBER(MATCH(J70,Lists!$G$2:$G$4,0)),L70)) -> FALSE | T70: =IF(I70="Required",0,IF(ISNUMBER(MATCH(J70,Lists!$G$7:$G$8,0)),L70)) -> FALSE | U70: =IF(I70="Required",0,IF(ISNUMBER(MATCH(J70,Lists!$H$2:$H$4,0)),K70)) -> FALSE | V70: =IF(A70="P",IF(IFERROR(SEARCH("Pending Documentation",J70),0)>0,IF(I70="Required",1,I70),0),0) -> 0 | W70: =IF(A70="P",IF(IFERROR(SEARCH("Pending On-site Assessment",J70),0)>0,IF(I70="Required",1,I70),0),0) -> 0
A71: O | F71: N03.2 / 1 Point Promote Whole Grains | G71: ='Review Comments'!F78 -> 0 | H71: ='Review Comments'!G78 -> No | I71: =IF(H71="Yes",G71,IF(H71="Required","Required","")) | J71: =IF('Review Comments'!H78=0,"",'Review Comments'!H78) -> Not Attempted | K71: =IF(I71="Required","Required",IF(ISNUMBER(MATCH(J71,Lists!$H$2:$H$9,0)),I71,"")) | L71: =IF(I71="Required","Required",IF(ISNUMBER(MATCH(J71,Lists!$I$2:$I$9,0)),I71,IF(ISNUMBER(MATCH(J71,Lists!$J$2:$J$9,0)),I71,""))) | Q71: =IF(I71="Required",0,IF(ISNUMBER(MATCH(J71,Lists!$I$2:$I$4,0)),L71)) -> FALSE | R71: =IF(I71="Required",0,IF(ISNUMBER(MATCH(J71,Lists!$K$2:$K$7,0)),L71)) -> FALSE | S71: =IF(I71="Required",0,IF(ISNUMBER(MATCH(J71,Lists!$G$2:$G$4,0)),L71)) -> FALSE | T71: =IF(I71="Required",0,IF(ISNUMBER(MATCH(J71,Lists!$G$7:$G$8,0)),L71)) -> FALSE | U71: =IF(I71="Required",0,IF(ISNUMBER(MATCH(J71,Lists!$H$2:$H$4,0)),K71)) -> FALSE | V71: =IF(A71="P",IF(IFERROR(SEARCH("Pending Documentation",J71),0)>0,IF(I71="Required",1,I71),0),0) -> 0 | W71: =IF(A71="P",IF(IFERROR(SEARCH("Pending On-site Assessment",J71),0)>0,IF(I71="Required",1,I71),0),0) -> 0
A72: O | F72: N03.3 / 1 Point Manage Oils | G72: ='Review Comments'!F79 -> 0 | H72: ='Review Comments'!G79 -> No | I72: =IF(H72="Yes",G72,IF(H72="Required","Required","")) | J72: =IF('Review Comments'!H79=0,"",'Review Comments'!H79) -> Not Attempted | K72: =IF(I72="Required","Required",IF(ISNUMBER(MATCH(J72,Lists!$H$2:$H$9,0)),I72,"")) | L72: =IF(I72="Required","Required",IF(ISNUMBER(MATCH(J72,Lists!$I$2:$I$9,0)),I72,IF(ISNUMBER(MATCH(J72,Lists!$J$2:$J$9,0)),I72,""))) | Q72: =IF(I72="Required",0,IF(ISNUMBER(MATCH(J72,Lists!$I$2:$I$4,0)),L72)) -> FALSE | R72: =IF(I72="Required",0,IF(ISNUMBER(MATCH(J72,Lists!$K$2:$K$7,0)),L72)) -> FALSE | S72: =IF(I72="Required",0,IF(ISNUMBER(MATCH(J72,Lists!$G$2:$G$4,0)),L72)) -> FALSE | T72: =IF(I72="Required",0,IF(ISNUMBER(MATCH(J72,Lists!$G$7:$G$8,0)),L72)) -> FALSE | U72: =IF(I72="Required",0,IF(ISNUMBER(MATCH(J72,Lists!$H$2:$H$4,0)),K72)) -> FALSE | V72: =IF(A72="P",IF(IFERROR(SEARCH("Pending Documentation",J72),0)>0,IF(I72="Required",1,I72),0),0) -> 0 | W72: =IF(A72="P",IF(IFERROR(SEARCH("Pending On-site Assessment",J72),0)>0,IF(I72="Required",1,I72),0),0) -> 0
A73: O | D73: O | E73: N04. Food Advertising | F73: N04.1 / 1 Point Promote Healthy Nutritional Messaging | G73: ='Review Comments'!F80 -> 1 | H73: ='Review Comments'!G80 -> Yes | I73: =IF(H73="Yes",G73,IF(H73="Required","Required","")) -> 1 | J73: =IF('Review Comments'!H80=0,"",'Review Comments'!H80) -> Achieved | K73: =IF(I73="Required","Required",IF(ISNUMBER(MATCH(J73,Lists!$H$2:$H$9,0)),I73,"")) -> 1 | L73: =IF(I73="Required","Required",IF(ISNUMBER(MATCH(J73,Lists!$I$2:$I$9,0)),I73,IF(ISNUMBER(MATCH(J73,Lists!$J$2:$J$9,0)),I73,""))) | Q73: =IF(I73="Required",0,IF(ISNUMBER(MATCH(J73,Lists!$I$2:$I$4,0)),L73)) -> FALSE | R73: =IF(I73="Required",0,IF(ISNUMBER(MATCH(J73,Lists!$K$2:$K$7,0)),L73)) -> FALSE | S73: =IF(I73="Required",0,IF(ISNUMBER(MATCH(J73,Lists!$G$2:$G$4,0)),L73)) -> FALSE | T73: =IF(I73="Required",0,IF(ISNUMBER(MATCH(J73,Lists!$G$7:$G$8,0)),L73)) -> FALSE | U73: =IF(I73="Required",0,IF(ISNUMBER(MATCH(J73,Lists!$H$2:$H$4,0)),K73)) -> 1 | V73: =IF(A73="P",IF(IFERROR(SEARCH("Pending Documentation",J73),0)>0,IF(I73="Required",1,I73),0),0) -> 0 | W73: =IF(A73="P",IF(IFERROR(SEARCH("Pending On-site Assessment",J73),0)>0,IF(I73="Required",1,I73),0),0) -> 0
A74: O | F74: N04.2 / 1 Point Implement Healthy Menu Design | G74: ='Review Comments'!F81 -> 0 | H74: ='Review Comments'!G81 -> No | I74: =IF(H74="Yes",G74,IF(H74="Required","Required","")) | J74: =IF('Review Comments'!H81=0,"",'Review Comments'!H81) -> Not Attempted | K74: =IF(I74="Required","Required",IF(ISNUMBER(MATCH(J74,Lists!$H$2:$H$9,0)),I74,"")) | L74: =IF(I74="Required","Required",IF(ISNUMBER(MATCH(J74,Lists!$I$2:$I$9,0)),I74,IF(ISNUMBER(MATCH(J74,Lists!$J$2:$J$9,0)),I74,""))) | Q74: =IF(I74="Required",0,IF(ISNUMBER(MATCH(J74,Lists!$I$2:$I$4,0)),L74)) -> FALSE | R74: =IF(I74="Required",0,IF(ISNUMBER(MATCH(J74,Lists!$K$2:$K$7,0)),L74)) -> FALSE | S74: =IF(I74="Required",0,IF(ISNUMBER(MATCH(J74,Lists!$G$2:$G$4,0)),L74)) -> FALSE | T74: =IF(I74="Required",0,IF(ISNUMBER(MATCH(J74,Lists!$G$7:$G$8,0)),L74)) -> FALSE | U74: =IF(I74="Required",0,IF(ISNUMBER(MATCH(J74,Lists!$H$2:$H$4,0)),K74)) -> FALSE | V74: =IF(A74="P",IF(IFERROR(SEARCH("Pending Documentation",J74),0)>0,IF(I74="Required",1,I74),0),0) -> 0 | W74: =IF(A74="P",IF(IFERROR(SEARCH("Pending On-site Assessment",J74),0)>0,IF(I74="Required",1,I74),0),0) -> 0
A75: O | D75: O | E75: N05. Artificial Ingredients | F75: N05.1 / 1 Point Restrict Artificial Ingredients | G75: ='Review Comments'!F82 -> 0 | H75: ='Review Comments'!G82 -> No | I75: =IF(H75="Yes",G75,IF(H75="Required","Required","")) | J75: =IF('Review Comments'!H82=0,"",'Review Comments'!H82) -> Not Attempted | K75: =IF(I75="Required","Required",IF(ISNUMBER(MATCH(J75,Lists!$H$2:$H$9,0)),I75,"")) | L75: =IF(I75="Required","Required",IF(ISNUMBER(MATCH(J75,Lists!$I$2:$I$9,0)),I75,IF(ISNUMBER(MATCH(J75,Lists!$J$2:$J$9,0)),I75,""))) | Q75: =IF(I75="Required",0,IF(ISNUMBER(MATCH(J75,Lists!$I$2:$I$4,0)),L75)) -> FALSE | R75: =IF(I75="Required",0,IF(ISNUMBER(MATCH(J75,Lists!$K$2:$K$7,0)),L75)) -> FALSE | S75: =IF(I75="Required",0,IF(ISNUMBER(MATCH(J75,Lists!$G$2:$G$4,0)),L75)) -> FALSE | T75: =IF(I75="Required",0,IF(ISNUMBER(MATCH(J75,Lists!$G$7:$G$8,0)),L75)) -> FALSE | U75: =IF(I75="Required",0,IF(ISNUMBER(MATCH(J75,Lists!$H$2:$H$4,0)),K75)) -> FALSE | V75: =IF(A75="P",IF(IFERROR(SEARCH("Pending Documentation",J75),0)>0,IF(I75="Required",1,I75),0),0) -> 0 | W75: =IF(A75="P",IF(IFERROR(SEARCH("Pending On-site Assessment",J75),0)>0,IF(I75="Required",1,I75),0),0) -> 0
A76: O | D76: O | E76: N06. Portion Sizes | F76: N06.1 / 1 Point Promote Healthy Portions | G76: ='Review Comments'!F83 -> 0 | H76: ='Review Comments'!G83 -> No | I76: =IF(H76="Yes",G76,IF(H76="Required","Required","")) | J76: =IF('Review Comments'!H83=0,"",'Review Comments'!H83) -> Not Attempted | K76: =IF(I76="Required","Required",IF(ISNUMBER(MATCH(J76,Lists!$H$2:$H$9,0)),I76,"")) | L76: =IF(I76="Required","Required",IF(ISNUMBER(MATCH(J76,Lists!$I$2:$I$9,0)),I76,IF(ISNUMBER(MATCH(J76,Lists!$J$2:$J$9,0)),I76,""))) | Q76: =IF(I76="Required",0,IF(ISNUMBER(MATCH(J76,Lists!$I$2:$I$4,0)),L76)) -> FALSE | R76: =IF(I76="Required",0,IF(ISNUMBER(MATCH(J76,Lists!$K$2:$K$7,0)),L76)) -> FALSE | S76: =IF(I76="Required",0,IF(ISNUMBER(MATCH(J76,Lists!$G$2:$G$4,0)),L76)) -> FALSE | T76: =IF(I76="Required",0,IF(ISNUMBER(MATCH(J76,Lists!$G$7:$G$8,0)),L76)) -> FALSE | U76: =IF(I76="Required",0,IF(ISNUMBER(MATCH(J76,Lists!$H$2:$H$4,0)),K76)) -> FALSE | V76: =IF(A76="P",IF(IFERROR(SEARCH("Pending Documentation",J76),0)>0,IF(I76="Required",1,I76),0),0) -> 0 | W76: =IF(A76="P",IF(IFERROR(SEARCH("Pending On-site Assessment",J76),0)>0,IF(I76="Required",1,I76),0),0) -> 0
A77: O | D77: O | E77: N07. Nutrition Education | F77: N07.1 / 1 Point Provide Nutrition Education | G77: ='Review Comments'!F84 -> 1 | H77: ='Review Comments'!G84 -> Yes | I77: =IF(H77="Yes",G77,IF(H77="Required","Required","")) -> 1 | J77: =IF('Review Comments'!H84=0,"",'Review Comments'!H84) -> Achieved | K77: =IF(I77="Required","Required",IF(ISNUMBER(MATCH(J77,Lists!$H$2:$H$9,0)),I77,"")) -> 1 | L77: =IF(I77="Required","Required",IF(ISNUMBER(MATCH(J77,Lists!$I$2:$I$9,0)),I77,IF(ISNUMBER(MATCH(J77,Lists!$J$2:$J$9,0)),I77,""))) | Q77: =IF(I77="Required",0,IF(ISNUMBER(MATCH(J77,Lists!$I$2:$I$4,0)),L77)) -> FALSE | R77: =IF(I77="Required",0,IF(ISNUMBER(MATCH(J77,Lists!$K$2:$K$7,0)),L77)) -> FALSE | S77: =IF(I77="Required",0,IF(ISNUMBER(MATCH(J77,Lists!$G$2:$G$4,0)),L77)) -> FALSE | T77: =IF(I77="Required",0,IF(ISNUMBER(MATCH(J77,Lists!$G$7:$G$8,0)),L77)) -> FALSE | U77: =IF(I77="Required",0,IF(ISNUMBER(MATCH(J77,Lists!$H$2:$H$4,0)),K77)) -> 1 | V77: =IF(A77="P",IF(IFERROR(SEARCH("Pending Documentation",J77),0)>0,IF(I77="Required",1,I77),0),0) -> 0 | W77: =IF(A77="P",IF(IFERROR(SEARCH("Pending On-site Assessment",J77),0)>0,IF(I77="Required",1,I77),0),0) -> 0
A78: O | D78: O | E78: N08. Mindful Eating | F78: N08.1 / 1 Point Include Designated Eating Space | G78: ='Review Comments'!F85 -> 0 | H78: ='Review Comments'!G85 -> No | I78: =IF(H78="Yes",G78,IF(H78="Required","Required","")) | J78: =IF('Review Comments'!H85=0,"",'Review Comments'!H85) -> Not Attempted | K78: =IF(I78="Required","Required",IF(ISNUMBER(MATCH(J78,Lists!$H$2:$H$9,0)),I78,"")) | L78: =IF(I78="Required","Required",IF(ISNUMBER(MATCH(J78,Lists!$I$2:$I$9,0)),I78,IF(ISNUMBER(MATCH(J78,Lists!$J$2:$J$9,0)),I78,""))) | Q78: =IF(I78="Required",0,IF(ISNUMBER(MATCH(J78,Lists!$I$2:$I$4,0)),L78)) -> FALSE | R78: =IF(I78="Required",0,IF(ISNUMBER(MATCH(J78,Lists!$K$2:$K$7,0)),L78)) -> FALSE | S78: =IF(I78="Required",0,IF(ISNUMBER(MATCH(J78,Lists!$G$2:$G$4,0)),L78)) -> FALSE | T78: =IF(I78="Required",0,IF(ISNUMBER(MATCH(J78,Lists!$G$7:$G$8,0)),L78)) -> FALSE | U78: =IF(I78="Required",0,IF(ISNUMBER(MATCH(J78,Lists!$H$2:$H$4,0)),K78)) -> FALSE | V78: =IF(A78="P",IF(IFERROR(SEARCH("Pending Documentation",J78),0)>0,IF(I78="Required",1,I78),0),0) -> 0 | W78: =IF(A78="P",IF(IFERROR(SEARCH("Pending On-site Assessment",J78),0)>0,IF(I78="Required",1,I78),0),0) -> 0
A79: O | F79: N08.2 / 1 Point Provide Daily Meal Breaks | G79: ='Review Comments'!F86 -> 1 | H79: ='Review Comments'!G86 -> Yes | I79: =IF(H79="Yes",G79,IF(H79="Required","Required","")) -> 1 | J79: =IF('Review Comments'!H86=0,"",'Review Comments'!H86) -> Achieved | K79: =IF(I79="Required","Required",IF(ISNUMBER(MATCH(J79,Lists!$H$2:$H$9,0)),I79,"")) -> 1 | L79: =IF(I79="Required","Required",IF(ISNUMBER(MATCH(J79,Lists!$I$2:$I$9,0)),I79,IF(ISNUMBER(MATCH(J79,Lists!$J$2:$J$9,0)),I79,""))) | Q79: =IF(I79="Required",0,IF(ISNUMBER(MATCH(J79,Lists!$I$2:$I$4,0)),L79)) -> FALSE | R79: =IF(I79="Required",0,IF(ISNUMBER(MATCH(J79,Lists!$K$2:$K$7,0)),L79)) -> FALSE | S79: =IF(I79="Required",0,IF(ISNUMBER(MATCH(J79,Lists!$G$2:$G$4,0)),L79)) -> FALSE | T79: =IF(I79="Required",0,IF(ISNUMBER(MATCH(J79,Lists!$G$7:$G$8,0)),L79)) -> FALSE | U79: =IF(I79="Required",0,IF(ISNUMBER(MATCH(J79,Lists!$H$2:$H$4,0)),K79)) -> 1 | V79: =IF(A79="P",IF(IFERROR(SEARCH("Pending Documentation",J79),0)>0,IF(I79="Required",1,I79),0),0) -> 0 | W79: =IF(A79="P",IF(IFERROR(SEARCH("Pending On-site Assessment",J79),0)>0,IF(I79="Required",1,I79),0),0) -> 0
A80: O | D80: O | E80: N09. Special Diets | F80: N09.1 / 1 Point Manage Allergies and Alternatives | G80: ='Review Comments'!F87 -> 0 | H80: ='Review Comments'!G87 -> No | I80: =IF(H80="Yes",G80,IF(H80="Required","Required","")) | J80: =IF('Review Comments'!H87=0,"",'Review Comments'!H87) -> Not Attempted | K80: =IF(I80="Required","Required",IF(ISNUMBER(MATCH(J80,Lists!$H$2:$H$9,0)),I80,"")) | L80: =IF(I80="Required","Required",IF(ISNUMBER(MATCH(J80,Lists!$I$2:$I$9,0)),I80,IF(ISNUMBER(MATCH(J80,Lists!$J$2:$J$9,0)),I80,""))) | Q80: =IF(I80="Required",0,IF(ISNUMBER(MATCH(J80,Lists!$I$2:$I$4,0)),L80)) -> FALSE | R80: =IF(I80="Required",0,IF(ISNUMBER(MATCH(J80,Lists!$K$2:$K$7,0)),L80)) -> FALSE | S80: =IF(I80="Required",0,IF(ISNUMBER(MATCH(J80,Lists!$G$2:$G$4,0)),L80)) -> FALSE | T80: =IF(I80="Required",0,IF(ISNUMBER(MATCH(J80,Lists!$G$7:$G$8,0)),L80)) -> FALSE | U80: =IF(I80="Required",0,IF(ISNUMBER(MATCH(J80,Lists!$H$2:$H$4,0)),K80)) -> FALSE | V80: =IF(A80="P",IF(IFERROR(SEARCH("Pending Documentation",J80),0)>0,IF(I80="Required",1,I80),0),0) -> 0 | W80: =IF(A80="P",IF(IFERROR(SEARCH("Pending On-site Assessment",J80),0)>0,IF(I80="Required",1,I80),0),0) -> 0
A81: O | F81: N09.2 / 1 Point Implement Enhanced Ingredient Labeling | G81: ='Review Comments'!F88 -> 1 | H81: ='Review Comments'!G88 -> Yes | I81: =IF(H81="Yes",G81,IF(H81="Required","Required","")) -> 1 | J81: =IF('Review Comments'!H88=0,"",'Review Comments'!H88) -> Achieved | K81: =IF(I81="Required","Required",IF(ISNUMBER(MATCH(J81,Lists!$H$2:$H$9,0)),I81,"")) -> 1 | L81: =IF(I81="Required","Required",IF(ISNUMBER(MATCH(J81,Lists!$I$2:$I$9,0)),I81,IF(ISNUMBER(MATCH(J81,Lists!$J$2:$J$9,0)),I81,""))) | Q81: =IF(I81="Required",0,IF(ISNUMBER(MATCH(J81,Lists!$I$2:$I$4,0)),L81)) -> FALSE | R81: =IF(I81="Required",0,IF(ISNUMBER(MATCH(J81,Lists!$K$2:$K$7,0)),L81)) -> FALSE | S81: =IF(I81="Required",0,IF(ISNUMBER(MATCH(J81,Lists!$G$2:$G$4,0)),L81)) -> FALSE | T81: =IF(I81="Required",0,IF(ISNUMBER(MATCH(J81,Lists!$G$7:$G$8,0)),L81)) -> FALSE | U81: =IF(I81="Required",0,IF(ISNUMBER(MATCH(J81,Lists!$H$2:$H$4,0)),K81)) -> 1 | V81: =IF(A81="P",IF(IFERROR(SEARCH("Pending Documentation",J81),0)>0,IF(I81="Required",1,I81),0),0) -> 0 | W81: =IF(A81="P",IF(IFERROR(SEARCH("Pending On-site Assessment",J81),0)>0,IF(I81="Required",1,I81),0),0) -> 0
A82: O | D82: O | E82: N10. Food Preparation | F82: N10.1 / 1 Point Provide Meal Support | G82: ='Review Comments'!F89 -> 1 | H82: ='Review Comments'!G89 -> Yes | I82: =IF(H82="Yes",G82,IF(H82="Required","Required","")) -> 1 | J82: =IF('Review Comments'!H89=0,"",'Review Comments'!H89) -> Achieved | K82: =IF(I82="Required","Required",IF(ISNUMBER(MATCH(J82,Lists!$H$2:$H$9,0)),I82,"")) -> 1 | L82: =IF(I82="Required","Required",IF(ISNUMBER(MATCH(J82,Lists!$I$2:$I$9,0)),I82,IF(ISNUMBER(MATCH(J82,Lists!$J$2:$J$9,0)),I82,""))) | Q82: =IF(I82="Required",0,IF(ISNUMBER(MATCH(J82,Lists!$I$2:$I$4,0)),L82)) -> FALSE | R82: =IF(I82="Required",0,IF(ISNUMBER(MATCH(J82,Lists!$K$2:$K$7,0)),L82)) -> FALSE | S82: =IF(I82="Required",0,IF(ISNUMBER(MATCH(J82,Lists!$G$2:$G$4,0)),L82)) -> FALSE | T82: =IF(I82="Required",0,IF(ISNUMBER(MATCH(J82,Lists!$G$7:$G$8,0)),L82)) -> FALSE | U82: =IF(I82="Required",0,IF(ISNUMBER(MATCH(J82,Lists!$H$2:$H$4,0)),K82)) -> 1 | V82: =IF(A82="P",IF(IFERROR(SEARCH("Pending Documentation",J82),0)>0,IF(I82="Required",1,I82),0),0) -> 0 | W82: =IF(A82="P",IF(IFERROR(SEARCH("Pending On-site Assessment",J82),0)>0,IF(I82="Required",1,I82),0),0) -> 0
A83: O | D83: O | E83: N11. Responsible Food Sourcing | F83: N11.1 / 1 Point Implement Responsible Sourcing | G83: ='Review Comments'!F90 -> 0 | H83: ='Review Comments'!G90 -> No | I83: =IF(H83="Yes",G83,IF(H83="Required","Required","")) | J83: =IF('Review Comments'!H90=0,"",'Review Comments'!H90) -> Not Attempted | K83: =IF(I83="Required","Required",IF(ISNUMBER(MATCH(J83,Lists!$H$2:$H$9,0)),I83,"")) | L83: =IF(I83="Required","Required",IF(ISNUMBER(MATCH(J83,Lists!$I$2:$I$9,0)),I83,IF(ISNUMBER(MATCH(J83,Lists!$J$2:$J$9,0)),I83,""))) | Q83: =IF(I83="Required",0,IF(ISNUMBER(MATCH(J83,Lists!$I$2:$I$4,0)),L83)) -> FALSE | R83: =IF(I83="Required",0,IF(ISNUMBER(MATCH(J83,Lists!$K$2:$K$7,0)),L83)) -> FALSE | S83: =IF(I83="Required",0,IF(ISNUMBER(MATCH(J83,Lists!$G$2:$G$4,0)),L83)) -> FALSE | T83: =IF(I83="Required",0,IF(ISNUMBER(MATCH(J83,Lists!$G$7:$G$8,0)),L83)) -> FALSE | U83: =IF(I83="Required",0,IF(ISNUMBER(MATCH(J83,Lists!$H$2:$H$4,0)),K83)) -> FALSE | V83: =IF(A83="P",IF(IFERROR(SEARCH("Pending Documentation",J83),0)>0,IF(I83="Required",1,I83),0),0) -> 0 | W83: =IF(A83="P",IF(IFERROR(SEARCH("Pending On-site Assessment",J83),0)>0,IF(I83="Required",1,I83),0),0) -> 0
A84: O | D84: O | E84: N12. Food Production | F84: N12.1 / 1 Point Provide Gardening Space | G84: ='Review Comments'!F91 -> 0 | H84: ='Review Comments'!G91 -> No | I84: =IF(H84="Yes",G84,IF(H84="Required","Required","")) | J84: =IF('Review Comments'!H91=0,"",'Review Comments'!H91) -> Not Attempted | K84: =IF(I84="Required","Required",IF(ISNUMBER(MATCH(J84,Lists!$H$2:$H$9,0)),I84,"")) | L84: =IF(I84="Required","Required",IF(ISNUMBER(MATCH(J84,Lists!$I$2:$I$9,0)),I84,IF(ISNUMBER(MATCH(J84,Lists!$J$2:$J$9,0)),I84,""))) | Q84: =IF(I84="Required",0,IF(ISNUMBER(MATCH(J84,Lists!$I$2:$I$4,0)),L84)) -> FALSE | R84: =IF(I84="Required",0,IF(ISNUMBER(MATCH(J84,Lists!$K$2:$K$7,0)),L84)) -> FALSE | S84: =IF(I84="Required",0,IF(ISNUMBER(MATCH(J84,Lists!$G$2:$G$4,0)),L84)) -> FALSE | T84: =IF(I84="Required",0,IF(ISNUMBER(MATCH(J84,Lists!$G$7:$G$8,0)),L84)) -> FALSE | U84: =IF(I84="Required",0,IF(ISNUMBER(MATCH(J84,Lists!$H$2:$H$4,0)),K84)) -> FALSE | V84: =IF(A84="P",IF(IFERROR(SEARCH("Pending Documentation",J84),0)>0,IF(I84="Required",1,I84),0),0) -> 0 | W84: =IF(A84="P",IF(IFERROR(SEARCH("Pending On-site Assessment",J84),0)>0,IF(I84="Required",1,I84),0),0) -> 0
A85: O | F85: N12.2 / 1 Point Provide Planting Support | G85: ='Review Comments'!F92 -> 0 | H85: ='Review Comments'!G92 -> No | I85: =IF(H85="Yes",G85,IF(H85="Required","Required","")) | J85: =IF('Review Comments'!H92=0,"",'Review Comments'!H92) -> Not Attempted | K85: =IF(I85="Required","Required",IF(ISNUMBER(MATCH(J85,Lists!$H$2:$H$9,0)),I85,"")) | L85: =IF(I85="Required","Required",IF(ISNUMBER(MATCH(J85,Lists!$I$2:$I$9,0)),I85,IF(ISNUMBER(MATCH(J85,Lists!$J$2:$J$9,0)),I85,""))) | Q85: =IF(I85="Required",0,IF(ISNUMBER(MATCH(J85,Lists!$I$2:$I$4,0)),L85)) -> FALSE | R85: =IF(I85="Required",0,IF(ISNUMBER(MATCH(J85,Lists!$K$2:$K$7,0)),L85)) -> FALSE | S85: =IF(I85="Required",0,IF(ISNUMBER(MATCH(J85,Lists!$G$2:$G$4,0)),L85)) -> FALSE | T85: =IF(I85="Required",0,IF(ISNUMBER(MATCH(J85,Lists!$G$7:$G$8,0)),L85)) -> FALSE | U85: =IF(I85="Required",0,IF(ISNUMBER(MATCH(J85,Lists!$H$2:$H$4,0)),K85)) -> FALSE | V85: =IF(A85="P",IF(IFERROR(SEARCH("Pending Documentation",J85),0)>0,IF(I85="Required",1,I85),0),0) -> 0 | W85: =IF(A85="P",IF(IFERROR(SEARCH("Pending On-site Assessment",J85),0)>0,IF(I85="Required",1,I85),0),0) -> 0
A86: O | D86: O | E86: N13. Local Food Environment | F86: N13.1 / 1 Point Ensure Food Access | G86: ='Review Comments'!F93 -> 0 | H86: ='Review Comments'!G93 -> No | I86: =IF(H86="Yes",G86,IF(H86="Required","Required","")) | J86: =IF('Review Comments'!H93=0,"",'Review Comments'!H93) -> Not Attempted | K86: =IF(I86="Required","Required",IF(ISNUMBER(MATCH(J86,Lists!$H$2:$H$9,0)),I86,"")) | L86: =IF(I86="Required","Required",IF(ISNUMBER(MATCH(J86,Lists!$I$2:$I$9,0)),I86,IF(ISNUMBER(MATCH(J86,Lists!$J$2:$J$9,0)),I86,""))) | N86: N14 Hidden | Q86: =IF(I86="Required",0,IF(ISNUMBER(MATCH(J86,Lists!$I$2:$I$4,0)),L86)) -> FALSE | R86: =IF(I86="Required",0,IF(ISNUMBER(MATCH(J86,Lists!$K$2:$K$7,0)),L86)) -> FALSE | S86: =IF(I86="Required",0,IF(ISNUMBER(MATCH(J86,Lists!$G$2:$G$4,0)),L86)) -> FALSE | T86: =IF(I86="Required",0,IF(ISNUMBER(MATCH(J86,Lists!$G$7:$G$8,0)),L86)) -> FALSE | U86: =IF(I86="Required",0,IF(ISNUMBER(MATCH(J86,Lists!$H$2:$H$4,0)),K86)) -> FALSE | V86: =IF(A86="P",IF(IFERROR(SEARCH("Pending Documentation",J86),0)>0,IF(I86="Required",1,I86),0),0) -> 0 | W86: =IF(A86="P",IF(IFERROR(SEARCH("Pending On-site Assessment",J86),0)>0,IF(I86="Required",1,I86),0),0) -> 0
A87: O | D87: O | E87: N14. β - Red and Processed Meats | F87: N14.1 / 1 Point Limit Red and Processed Meats | G87: ='Review Comments'!F94 -> 0 | H87: ='Review Comments'!G94 -> 0 | I87: =IF(H87="Yes",G87,IF(H87="Required","Required","")) | J87: =IF('Review Comments'!H94=0,"",'Review Comments'!H94) | K87: =IF(I87="Required","Required",IF(ISNUMBER(MATCH(J87,Lists!$H$2:$H$9,0)),I87,"")) | L87: =IF(I87="Required","Required",IF(ISNUMBER(MATCH(J87,Lists!$I$2:$I$9,0)),I87,IF(ISNUMBER(MATCH(J87,Lists!$J$2:$J$9,0)),I87,""))) | Q87: =IF(I87="Required",0,IF(ISNUMBER(MATCH(J87,Lists!$I$2:$I$4,0)),L87)) -> FALSE | R87: =IF(I87="Required",0,IF(ISNUMBER(MATCH(J87,Lists!$K$2:$K$7,0)),L87)) -> FALSE | S87: =IF(I87="Required",0,IF(ISNUMBER(MATCH(J87,Lists!$G$2:$G$4,0)),L87)) -> FALSE | T87: =IF(I87="Required",0,IF(ISNUMBER(MATCH(J87,Lists!$G$7:$G$8,0)),L87)) -> FALSE | U87: =IF(I87="Required",0,IF(ISNUMBER(MATCH(J87,Lists!$H$2:$H$4,0)),K87)) -> FALSE | V87: =IF(A87="P",IF(IFERROR(SEARCH("Pending Documentation",J87),0)>0,IF(I87="Required",1,I87),0),0) -> 0 | W87: =IF(A87="P",IF(IFERROR(SEARCH("Pending On-site Assessment",J87),0)>0,IF(I87="Required",1,I87),0),0) -> 0
G88: =SUM(G65:G87) -> 5 | I88: =SUM(I65:I87) -> 5 | K88: =SUM(K65:K87) -> 5 | L88: =SUM(L65:L87) -> 0 | Q88: =IF(I88="Required",0,IF(ISNUMBER(MATCH(J88,Lists!$I$2:$I$4,0)),L88)) -> FALSE | R88: =IF(I88="Required",0,IF(ISNUMBER(MATCH(J88,Lists!$K$2:$K$7,0)),L88)) -> FALSE | S88: =IF(I88="Required",0,IF(ISNUMBER(MATCH(J88,Lists!$G$2:$G$4,0)),L88)) -> FALSE | T88: =IF(I88="Required",0,IF(ISNUMBER(MATCH(J88,Lists!$G$7:$G$8,0)),L88)) -> FALSE | U88: =IF(I88="Required",0,IF(ISNUMBER(MATCH(J88,Lists!$H$2:$H$4,0)),K88)) -> FALSE | V88: =IF(A88="P",IF(IFERROR(SEARCH("Pending Documentation",J88),0)>0,IF(I88="Required",1,I88),0),0) -> 0 | W88: =IF(A88="P",IF(IFERROR(SEARCH("Pending On-site Assessment",J88),0)>0,IF(I88="Required",1,I88),0),0) -> 0
Q89: =IF(I89="Required",0,IF(ISNUMBER(MATCH(J89,Lists!$I$2:$I$4,0)),L89)) -> FALSE | R89: =IF(I89="Required",0,IF(ISNUMBER(MATCH(J89,Lists!$K$2:$K$7,0)),L89)) -> FALSE | S89: =IF(I89="Required",0,IF(ISNUMBER(MATCH(J89,Lists!$G$2:$G$4,0)),L89)) -> FALSE | T89: =IF(I89="Required",0,IF(ISNUMBER(MATCH(J89,Lists!$G$7:$G$8,0)),L89)) -> FALSE | U89: =IF(I89="Required",0,IF(ISNUMBER(MATCH(J89,Lists!$H$2:$H$4,0)),K89)) -> FALSE | V89: =IF(A89="P",IF(IFERROR(SEARCH("Pending Documentation",J89),0)>0,IF(I89="Required",1,I89),0),0) -> 0 | W89: =IF(A89="P",IF(IFERROR(SEARCH("Pending On-site Assessment",J89),0)>0,IF(I89="Required",1,I89),0),0) -> 0
A90: P | C90: LIGHT | D90: P | E90: L01. Light Exposure and Education | F90: L01.1 Ensure Indoor Light Exposure | G90: ='Review Comments'!F100 -> 0 | H90: ='Review Comments'!G100 -> Required | I90: =IF(H90="Yes",G90,IF(H90="Required","Required","")) -> Required | J90: =IF('Review Comments'!H100=0,"",'Review Comments'!H100) -> Achieved | K90: =IF(I90="Required","Required",IF(ISNUMBER(MATCH(J90,Lists!$H$2:$H$9,0)),I90,"")) -> Required | L90: =IF(I90="Required","Required",IF(ISNUMBER(MATCH(J90,Lists!$I$2:$I$9,0)),I90,IF(ISNUMBER(MATCH(J90,Lists!$J$2:$J$9,0)),I90,""))) -> Required | Q90: =IF(I90="Required",0,IF(ISNUMBER(MATCH(J90,Lists!$I$2:$I$4,0)),L90)) -> 0 | R90: =IF(I90="Required",0,IF(ISNUMBER(MATCH(J90,Lists!$K$2:$K$7,0)),L90)) -> 0 | S90: =IF(I90="Required",0,IF(ISNUMBER(MATCH(J90,Lists!$G$2:$G$4,0)),L90)) -> 0 | T90: =IF(I90="Required",0,IF(ISNUMBER(MATCH(J90,Lists!$G$7:$G$8,0)),L90)) -> 0 | U90: =IF(I90="Required",0,IF(ISNUMBER(MATCH(J90,Lists!$H$2:$H$4,0)),K90)) -> 0 | V90: =IF(A90="P",IF(IFERROR(SEARCH("Pending Documentation",J90),0)>0,IF(I90="Required",1,I90),0),0) -> 0 | W90: =IF(A90="P",IF(IFERROR(SEARCH("Pending On-site Assessment",J90),0)>0,IF(I90="Required",1,I90),0),0) -> 0
A91: P | F91: L01.2 Promote Lighting Education | G91: ='Review Comments'!F101 -> 0 | H91: ='Review Comments'!G101 -> Required | I91: =IF(H91="Yes",G91,IF(H91="Required","Required","")) -> Required | J91: =IF('Review Comments'!H101=0,"",'Review Comments'!H101) -> Achieved | K91: =IF(I91="Required","Required",IF(ISNUMBER(MATCH(J91,Lists!$H$2:$H$9,0)),I91,"")) -> Required | L91: =IF(I91="Required","Required",IF(ISNUMBER(MATCH(J91,Lists!$I$2:$I$9,0)),I91,IF(ISNUMBER(MATCH(J91,Lists!$J$2:$J$9,0)),I91,""))) -> Required | Q91: =IF(I91="Required",0,IF(ISNUMBER(MATCH(J91,Lists!$I$2:$I$4,0)),L91)) -> 0 | R91: =IF(I91="Required",0,IF(ISNUMBER(MATCH(J91,Lists!$K$2:$K$7,0)),L91)) -> 0 | S91: =IF(I91="Required",0,IF(ISNUMBER(MATCH(J91,Lists!$G$2:$G$4,0)),L91)) -> 0 | T91: =IF(I91="Required",0,IF(ISNUMBER(MATCH(J91,Lists!$G$7:$G$8,0)),L91)) -> 0 | U91: =IF(I91="Required",0,IF(ISNUMBER(MATCH(J91,Lists!$H$2:$H$4,0)),K91)) -> 0 | V91: =IF(A91="P",IF(IFERROR(SEARCH("Pending Documentation",J91),0)>0,IF(I91="Required",1,I91),0),0) -> 0 | W91: =IF(A91="P",IF(IFERROR(SEARCH("Pending On-site Assessment",J91),0)>0,IF(I91="Required",1,I91),0),0) -> 0
A92: P | D92: P | E92: L02. Visual Lighting Design | F92: L02.1 Light Levels for Visual Acuity | G92: ='Review Comments'!F102 -> 0 | H92: ='Review Comments'!G102 -> Required | I92: =IF(H92="Yes",G92,IF(H92="Required","Required","")) -> Required | J92: =IF('Review Comments'!H102=0,"",'Review Comments'!H102) -> Achieved | K92: =IF(I92="Required","Required",IF(ISNUMBER(MATCH(J92,Lists!$H$2:$H$9,0)),I92,"")) -> Required | L92: =IF(I92="Required","Required",IF(ISNUMBER(MATCH(J92,Lists!$I$2:$I$9,0)),I92,IF(ISNUMBER(MATCH(J92,Lists!$J$2:$J$9,0)),I92,""))) -> Required | Q92: =IF(I92="Required",0,IF(ISNUMBER(MATCH(J92,Lists!$I$2:$I$4,0)),L92)) -> 0 | R92: =IF(I92="Required",0,IF(ISNUMBER(MATCH(J92,Lists!$K$2:$K$7,0)),L92)) -> 0 | S92: =IF(I92="Required",0,IF(ISNUMBER(MATCH(J92,Lists!$G$2:$G$4,0)),L92)) -> 0 | T92: =IF(I92="Required",0,IF(ISNUMBER(MATCH(J92,Lists!$G$7:$G$8,0)),L92)) -> 0 | U92: =IF(I92="Required",0,IF(ISNUMBER(MATCH(J92,Lists!$H$2:$H$4,0)),K92)) -> 0 | V92: =IF(A92="P",IF(IFERROR(SEARCH("Pending Documentation",J92),0)>0,IF(I92="Required",1,I92),0),0) -> 0 | W92: =IF(A92="P",IF(IFERROR(SEARCH("Pending On-site Assessment",J92),0)>0,IF(I92="Required",1,I92),0),0) -> 0
A93: O | D93: O | E93: L03. Circadian Lighting Design | F93: L03.1 / 3 Points Lighting for the Circadian System | G93: ='Review Comments'!F103 -> 0 | H93: ='Review Comments'!G103 -> No | I93: =IF(H93="Yes",G93,IF(H93="Required","Required","")) | J93: =IF('Review Comments'!H103=0,"",'Review Comments'!H103) -> Not Attempted | K93: =IF(I93="Required","Required",IF(ISNUMBER(MATCH(J93,Lists!$H$2:$H$9,0)),I93,"")) | L93: =IF(I93="Required","Required",IF(ISNUMBER(MATCH(J93,Lists!$I$2:$I$9,0)),I93,IF(ISNUMBER(MATCH(J93,Lists!$J$2:$J$9,0)),I93,""))) | Q93: =IF(I93="Required",0,IF(ISNUMBER(MATCH(J93,Lists!$I$2:$I$4,0)),L93)) -> FALSE | R93: =IF(I93="Required",0,IF(ISNUMBER(MATCH(J93,Lists!$K$2:$K$7,0)),L93)) -> FALSE | S93: =IF(I93="Required",0,IF(ISNUMBER(MATCH(J93,Lists!$G$2:$G$4,0)),L93)) -> FALSE | T93: =IF(I93="Required",0,IF(ISNUMBER(MATCH(J93,Lists!$G$7:$G$8,0)),L93)) -> FALSE | U93: =IF(I93="Required",0,IF(ISNUMBER(MATCH(J93,Lists!$H$2:$H$4,0)),K93)) -> FALSE | V93: =IF(A93="P",IF(IFERROR(SEARCH("Pending Documentation",J93),0)>0,IF(I93="Required",1,I93),0),0) -> 0 | W93: =IF(A93="P",IF(IFERROR(SEARCH("Pending On-site Assessment",J93),0)>0,IF(I93="Required",1,I93),0),0) -> 0
A94: O | D94: O | E94: L04. Glare Control | F94: L04.1 / 2 Points Control Solar Glare | G94: ='Review Comments'!F104 -> 0 | H94: ='Review Comments'!G104 -> No | I94: =IF(H94="Yes",G94,IF(H94="Required","Required","")) | J94: =IF('Review Comments'!H104=0,"",'Review Comments'!H104) -> Not Attempted | K94: =IF(I94="Required","Required",IF(ISNUMBER(MATCH(J94,Lists!$H$2:$H$9,0)),I94,"")) | L94: =IF(I94="Required","Required",IF(ISNUMBER(MATCH(J94,Lists!$I$2:$I$9,0)),I94,IF(ISNUMBER(MATCH(J94,Lists!$J$2:$J$9,0)),I94,""))) | Q94: =IF(I94="Required",0,IF(ISNUMBER(MATCH(J94,Lists!$I$2:$I$4,0)),L94)) -> FALSE | R94: =IF(I94="Required",0,IF(ISNUMBER(MATCH(J94,Lists!$K$2:$K$7,0)),L94)) -> FALSE | S94: =IF(I94="Required",0,IF(ISNUMBER(MATCH(J94,Lists!$G$2:$G$4,0)),L94)) -> FALSE | T94: =IF(I94="Required",0,IF(ISNUMBER(MATCH(J94,Lists!$G$7:$G$8,0)),L94)) -> FALSE | U94: =IF(I94="Required",0,IF(ISNUMBER(MATCH(J94,Lists!$H$2:$H$4,0)),K94)) -> FALSE | V94: =IF(A94="P",IF(IFERROR(SEARCH("Pending Documentation",J94),0)>0,IF(I94="Required",1,I94),0),0) -> 0 | W94: =IF(A94="P",IF(IFERROR(SEARCH("Pending On-site Assessment",J94),0)>0,IF(I94="Required",1,I94),0),0) -> 0
A95: O | F95: L04.2 / 2 Points Manage Glare from Electric Lighting | G95: ='Review Comments'!F105 -> 2 | H95: ='Review Comments'!G105 -> Yes | I95: =IF(H95="Yes",G95,IF(H95="Required","Required","")) -> 2 | J95: =IF('Review Comments'!H105=0,"",'Review Comments'!H105) -> Achieved | K95: =IF(I95="Required","Required",IF(ISNUMBER(MATCH(J95,Lists!$H$2:$H$9,0)),I95,"")) -> 2 | L95: =IF(I95="Required","Required",IF(ISNUMBER(MATCH(J95,Lists!$I$2:$I$9,0)),I95,IF(ISNUMBER(MATCH(J95,Lists!$J$2:$J$9,0)),I95,""))) | Q95: =IF(I95="Required",0,IF(ISNUMBER(MATCH(J95,Lists!$I$2:$I$4,0)),L95)) -> FALSE | R95: =IF(I95="Required",0,IF(ISNUMBER(MATCH(J95,Lists!$K$2:$K$7,0)),L95)) -> FALSE | S95: =IF(I95="Required",0,IF(ISNUMBER(MATCH(J95,Lists!$G$2:$G$4,0)),L95)) -> FALSE | T95: =IF(I95="Required",0,IF(ISNUMBER(MATCH(J95,Lists!$G$7:$G$8,0)),L95)) -> FALSE | U95: =IF(I95="Required",0,IF(ISNUMBER(MATCH(J95,Lists!$H$2:$H$4,0)),K95)) -> 2 | V95: =IF(A95="P",IF(IFERROR(SEARCH("Pending Documentation",J95),0)>0,IF(I95="Required",1,I95),0),0) -> 0 | W95: =IF(A95="P",IF(IFERROR(SEARCH("Pending On-site Assessment",J95),0)>0,IF(I95="Required",1,I95),0),0) -> 0
A96: O | D96: O | E96: L05. Enhanced Daylight Access | F96: L05.1 / 1 Point Implement Enhanced Daylight Plan | G96: ='Review Comments'!F106 -> 1 | H96: ='Review Comments'!G106 -> Yes | I96: =IF(H96="Yes",G96,IF(H96="Required","Required","")) -> 1 | J96: =IF('Review Comments'!H106=0,"",'Review Comments'!H106) -> Achieved | K96: =IF(I96="Required","Required",IF(ISNUMBER(MATCH(J96,Lists!$H$2:$H$9,0)),I96,"")) -> 1 | L96: =IF(I96="Required","Required",IF(ISNUMBER(MATCH(J96,Lists!$I$2:$I$9,0)),I96,IF(ISNUMBER(MATCH(J96,Lists!$J$2:$J$9,0)),I96,""))) | Q96: =IF(I96="Required",0,IF(ISNUMBER(MATCH(J96,Lists!$I$2:$I$4,0)),L96)) -> FALSE | R96: =IF(I96="Required",0,IF(ISNUMBER(MATCH(J96,Lists!$K$2:$K$7,0)),L96)) -> FALSE | S96: =IF(I96="Required",0,IF(ISNUMBER(MATCH(J96,Lists!$G$2:$G$4,0)),L96)) -> FALSE | T96: =IF(I96="Required",0,IF(ISNUMBER(MATCH(J96,Lists!$G$7:$G$8,0)),L96)) -> FALSE | U96: =IF(I96="Required",0,IF(ISNUMBER(MATCH(J96,Lists!$H$2:$H$4,0)),K96)) -> 1 | V96: =IF(A96="P",IF(IFERROR(SEARCH("Pending Documentation",J96),0)>0,IF(I96="Required",1,I96),0),0) -> 0 | W96: =IF(A96="P",IF(IFERROR(SEARCH("Pending On-site Assessment",J96),0)>0,IF(I96="Required",1,I96),0),0) -> 0
A97: O | F97: L05.2 / 2 Points Implement Enhanced Daylight Simulation | G97: ='Review Comments'!F107 -> 0 | H97: ='Review Comments'!G107 -> No | I97: =IF(H97="Yes",G97,IF(H97="Required","Required","")) | J97: =IF('Review Comments'!H107=0,"",'Review Comments'!H107) -> Not Attempted | K97: =IF(I97="Required","Required",IF(ISNUMBER(MATCH(J97,Lists!$H$2:$H$9,0)),I97,"")) | L97: =IF(I97="Required","Required",IF(ISNUMBER(MATCH(J97,Lists!$I$2:$I$9,0)),I97,IF(ISNUMBER(MATCH(J97,Lists!$J$2:$J$9,0)),I97,""))) | Q97: =IF(I97="Required",0,IF(ISNUMBER(MATCH(J97,Lists!$I$2:$I$4,0)),L97)) -> FALSE | R97: =IF(I97="Required",0,IF(ISNUMBER(MATCH(J97,Lists!$K$2:$K$7,0)),L97)) -> FALSE | S97: =IF(I97="Required",0,IF(ISNUMBER(MATCH(J97,Lists!$G$2:$G$4,0)),L97)) -> FALSE | T97: =IF(I97="Required",0,IF(ISNUMBER(MATCH(J97,Lists!$G$7:$G$8,0)),L97)) -> FALSE | U97: =IF(I97="Required",0,IF(ISNUMBER(MATCH(J97,Lists!$H$2:$H$4,0)),K97)) -> FALSE | V97: =IF(A97="P",IF(IFERROR(SEARCH("Pending Documentation",J97),0)>0,IF(I97="Required",1,I97),0),0) -> 0 | W97: =IF(A97="P",IF(IFERROR(SEARCH("Pending On-site Assessment",J97),0)>0,IF(I97="Required",1,I97),0),0) -> 0
A98: O | F98: L05.3 / 1 Point Ensure Views | G98: ='Review Comments'!F108 -> 1 | H98: ='Review Comments'!G108 -> Yes | I98: =IF(H98="Yes",G98,IF(H98="Required","Required","")) -> 1 | J98: =IF('Review Comments'!H108=0,"",'Review Comments'!H108) -> Achieved | K98: =IF(I98="Required","Required",IF(ISNUMBER(MATCH(J98,Lists!$H$2:$H$9,0)),I98,"")) -> 1 | L98: =IF(I98="Required","Required",IF(ISNUMBER(MATCH(J98,Lists!$I$2:$I$9,0)),I98,IF(ISNUMBER(MATCH(J98,Lists!$J$2:$J$9,0)),I98,""))) | Q98: =IF(I98="Required",0,IF(ISNUMBER(MATCH(J98,Lists!$I$2:$I$4,0)),L98)) -> FALSE | R98: =IF(I98="Required",0,IF(ISNUMBER(MATCH(J98,Lists!$K$2:$K$7,0)),L98)) -> FALSE | S98: =IF(I98="Required",0,IF(ISNUMBER(MATCH(J98,Lists!$G$2:$G$4,0)),L98)) -> FALSE | T98: =IF(I98="Required",0,IF(ISNUMBER(MATCH(J98,Lists!$G$7:$G$8,0)),L98)) -> FALSE | U98: =IF(I98="Required",0,IF(ISNUMBER(MATCH(J98,Lists!$H$2:$H$4,0)),K98)) -> 1 | V98: =IF(A98="P",IF(IFERROR(SEARCH("Pending Documentation",J98),0)>0,IF(I98="Required",1,I98),0),0) -> 0 | W98: =IF(A98="P",IF(IFERROR(SEARCH("Pending On-site Assessment",J98),0)>0,IF(I98="Required",1,I98),0),0) -> 0
A99: O | D99: O | E99: L06. Visual Balance | F99: L06.1 / 1 Point Manage Brightness | G99: ='Review Comments'!F109 -> 0 | H99: ='Review Comments'!G109 -> No | I99: =IF(H99="Yes",G99,IF(H99="Required","Required","")) | J99: =IF('Review Comments'!H109=0,"",'Review Comments'!H109) -> Not Attempted | K99: =IF(I99="Required","Required",IF(ISNUMBER(MATCH(J99,Lists!$H$2:$H$9,0)),I99,"")) | L99: =IF(I99="Required","Required",IF(ISNUMBER(MATCH(J99,Lists!$I$2:$I$9,0)),I99,IF(ISNUMBER(MATCH(J99,Lists!$J$2:$J$9,0)),I99,""))) | Q99: =IF(I99="Required",0,IF(ISNUMBER(MATCH(J99,Lists!$I$2:$I$4,0)),L99)) -> FALSE | R99: =IF(I99="Required",0,IF(ISNUMBER(MATCH(J99,Lists!$K$2:$K$7,0)),L99)) -> FALSE | S99: =IF(I99="Required",0,IF(ISNUMBER(MATCH(J99,Lists!$G$2:$G$4,0)),L99)) -> FALSE | T99: =IF(I99="Required",0,IF(ISNUMBER(MATCH(J99,Lists!$G$7:$G$8,0)),L99)) -> FALSE | U99: =IF(I99="Required",0,IF(ISNUMBER(MATCH(J99,Lists!$H$2:$H$4,0)),K99)) -> FALSE | V99: =IF(A99="P",IF(IFERROR(SEARCH("Pending Documentation",J99),0)>0,IF(I99="Required",1,I99),0),0) -> 0 | W99: =IF(A99="P",IF(IFERROR(SEARCH("Pending On-site Assessment",J99),0)>0,IF(I99="Required",1,I99),0),0) -> 0
A100: O | D100: O | E100: L07. Electric Light Quality | F100: L07.1 / 1 Point Ensure Color Rendering Quality | G100: ='Review Comments'!F110 -> 0 | H100: ='Review Comments'!G110 -> No | I100: =IF(H100="Yes",G100,IF(H100="Required","Required","")) | J100: =IF('Review Comments'!H110=0,"",'Review Comments'!H110) -> Not Attempted | K100: =IF(I100="Required","Required",IF(ISNUMBER(MATCH(J100,Lists!$H$2:$H$9,0)),I100,"")) | L100: =IF(I100="Required","Required",IF(ISNUMBER(MATCH(J100,Lists!$I$2:$I$9,0)),I100,IF(ISNUMBER(MATCH(J100,Lists!$J$2:$J$9,0)),I100,""))) | Q100: =IF(I100="Required",0,IF(ISNUMBER(MATCH(J100,Lists!$I$2:$I$4,0)),L100)) -> FALSE | R100: =IF(I100="Required",0,IF(ISNUMBER(MATCH(J100,Lists!$K$2:$K$7,0)),L100)) -> FALSE | S100: =IF(I100="Required",0,IF(ISNUMBER(MATCH(J100,Lists!$G$2:$G$4,0)),L100)) -> FALSE | T100: =IF(I100="Required",0,IF(ISNUMBER(MATCH(J100,Lists!$G$7:$G$8,0)),L100)) -> FALSE | U100: =IF(I100="Required",0,IF(ISNUMBER(MATCH(J100,Lists!$H$2:$H$4,0)),K100)) -> FALSE | V100: =IF(A100="P",IF(IFERROR(SEARCH("Pending Documentation",J100),0)>0,IF(I100="Required",1,I100),0),0) -> 0 | W100: =IF(A100="P",IF(IFERROR(SEARCH("Pending On-site Assessment",J100),0)>0,IF(I100="Required",1,I100),0),0) -> 0
A101: O | F101: L07.2 / 1 Point Manage Flicker | G101: ='Review Comments'!F111 -> 1 | H101: ='Review Comments'!G111 -> Yes | I101: =IF(H101="Yes",G101,IF(H101="Required","Required","")) -> 1 | J101: =IF('Review Comments'!H111=0,"",'Review Comments'!H111) -> Achieved | K101: =IF(I101="Required","Required",IF(ISNUMBER(MATCH(J101,Lists!$H$2:$H$9,0)),I101,"")) -> 1 | L101: =IF(I101="Required","Required",IF(ISNUMBER(MATCH(J101,Lists!$I$2:$I$9,0)),I101,IF(ISNUMBER(MATCH(J101,Lists!$J$2:$J$9,0)),I101,""))) | Q101: =IF(I101="Required",0,IF(ISNUMBER(MATCH(J101,Lists!$I$2:$I$4,0)),L101)) -> FALSE | R101: =IF(I101="Required",0,IF(ISNUMBER(MATCH(J101,Lists!$K$2:$K$7,0)),L101)) -> FALSE | S101: =IF(I101="Required",0,IF(ISNUMBER(MATCH(J101,Lists!$G$2:$G$4,0)),L101)) -> FALSE | T101: =IF(I101="Required",0,IF(ISNUMBER(MATCH(J101,Lists!$G$7:$G$8,0)),L101)) -> FALSE | U101: =IF(I101="Required",0,IF(ISNUMBER(MATCH(J101,Lists!$H$2:$H$4,0)),K101)) -> 1 | V101: =IF(A101="P",IF(IFERROR(SEARCH("Pending Documentation",J101),0)>0,IF(I101="Required",1,I101),0),0) -> 0 | W101: =IF(A101="P",IF(IFERROR(SEARCH("Pending On-site Assessment",J101),0)>0,IF(I101="Required",1,I101),0),0) -> 0
...

Sheet Review Comments
F1: Hide these columns before printing to PDF
B2: =Overview!C1 -> 2202025410 - Accenture - Assago Milanofiori U1
B4: Concept | C4: Type | D4: Feature | E4: Part | F4: Points Attempted | G4: Pursuing | H4: Status | I4: Review Comment
B5: General Project Observations:
B6: This report reflects the results of the Performance Verification that occurred October 23rd - 25th, 2023. Comments have been recorded for all attempted Preconditions and Optimizations reflecting the results of the Performance Verification site visit. Refer to the individual part comments for specific details. Congratulations on Platinum Certification! | L6: Status and TA MISMATCH | M6: PV and Status MISMATCH | N6: Anticipated/PV MISMATCH | O6: Not Attempted and Comment MISMATCH | P6: TA Match | Q6: TA Status | R6: PV Match | S6: PV Status | T6: Special Rule Flags
C8: Air General Observations:
B10: AIR | C10: P | D10: A01. Fundamental Air Quality | E10: A01.1 Meet Thresholds for Particulate Matter | G10: Required | H10: Achieved | I10: FINAL PERFORMANCE REVIEW: The on-site assessment results have been provided and confirm compliance. See Appendix A for the performance testing data for this part. PRELIMINARY PERFORMANCE REVIEW: The on-site assessment results have been provided. See Appendix A for the performance testing data for this part. However, to demonstrate compliance, the following must be addressed. COMMENTS TO BE ADDRESSED 1. While testing results have been provided, it appears the raw data values for PM2.5 and PM10 have been averaged instead of taking the median as required by the Performance Verification Guidebook. Provide revised calculations using the median of the raw data, excluding acclimation time, per the Performance Verification Guidebook. PRELIMINARY DOCUMENTATION REVIEW: Option 1. This part has no required documentation. Requirements of this part will be verified through on-site assessment during your Performance Verification. | L10: =IF(OR(Overview!$D$4="Preliminary Documentation Review",Overview!$D$4="Preliminary Precertification Review"),IF(AND(P10=0,Q10=0),"",IF(AND(P10>0,Q10>0),"","MISMATCH")),"") | M10: =IF(OR(Overview!$D$4="Preliminary Documentation Review",Overview!$D$4="Preliminary Precertification Review"),IF(AND(R10=0,S10=0),"",IF(AND(R10>0,S10>0),"","MISMATCH")),"") | N10: =IF(OR(Overview!$D$4="Preliminary Documentation Review",Overview!$D$4="Preliminary Precertification Review"),IF(AND(T10=0,U10=0),"",IF(AND(T10>0,U10>0),"MISMATCH","")),"") | O10: =IF(OR(Overview!$D$4="Preliminary Documentation Review",Overview!$D$4="Preliminary Precertification Review"),IF(AND(V10=0,W10=0),"",IF(AND(V10>0,W10>0),"","MISMATCH")),"") | P10: =IFERROR(SEARCH("COMMENTS TO BE ADDRESS",$I10),0) -> 381 | Q10: =IFERROR(SEARCH("Pending Documentation",$H10),0) -> 0 | R10: =IFERROR(SEARCH("equirements of this part will be v",$I10),0) -> 827 | S10: =IFERROR(SEARCH("Pending On",$H10),0) -> 0 | T10: =IFERROR(SEARCH("This Part has no",$I10),0) -> 784 | U10: =IFERROR(SEARCH("Anticipated",$H10),0) -> 0 | V10: =IFERROR(SEARCH("This Part has not been attempted.",$I10),IFERROR(SEARCH("Not Attempted",$I10),0)) -> 0 | W10: =IFERROR(SEARCH("Not Attempted",$H10),0) -> 0
E11: A01.2 Meet Thresholds for Organic Gases | G11: Required | H11: Achieved | I11: FINAL PERFORMANCE REVIEW: The on-site assessment results confirm achievement of this part. See Appendix A for the performance testing data for this part. An approved Alternative Adherence Path (AAP 00093) has been applied to this part. Note the following. I. While the laboratory's comply with the accreditation requirements at the overall lab level, ensure to provide either accreditation for each analyte or provide the documentation (such as email) that shows the Performance Testing Agent requested the laboratory become accredited in the non-accredited analytes. The intent is not to ask laboratory's if they are accredited, but to ask laboratory's to become accredited. | L11: =IF(OR(Overview!$D$4="Preliminary Documentation Review",Overview!$D$4="Preliminary Precertification Review"),IF(AND(P11=0,Q11=0),"",IF(AND(P11>0,Q11>0),"","MISMATCH")),"") | M11: =IF(OR(Overview!$D$4="Preliminary Documentation Review",Overview!$D$4="Preliminary Precertification Review"),IF(AND(R11=0,S11=0),"",IF(AND(R11>0,S11>0),"","MISMATCH")),"") | N11: =IF(OR(Overview!$D$4="Preliminary Documentation Review",Overview!$D$4="Preliminary Precertification Review"),IF(AND(T11=0,U11=0),"",IF(AND(T11>0,U11>0),"MISMATCH","")),"") | O11: =IF(OR(Overview!$D$4="Preliminary Documentation Review",Overview!$D$4="Preliminary Precertification Review"),IF(AND(V11=0,W11=0),"",IF(AND(V11>0,W11>0),"","MISMATCH")),"") | P11: =IFERROR(SEARCH("COMMENTS TO BE ADDRESS",$I11),0) -> 0 | Q11: =IFERROR(SEARCH("Pending Documentation",$H11),0) -> 0 | R11: =IFERROR(SEARCH("equirements of this part will be v",$I11),0) -> 0 | S11: =IFERROR(SEARCH("Pending On",$H11),0) -> 0 | T11: =IFERROR(SEARCH("This Part has no",$I11),0) -> 0 | U11: =IFERROR(SEARCH("Anticipated",$H11),0) -> 0 | V11: =IFERROR(SEARCH("This Part has not been attempted.",$I11),IFERROR(SEARCH("Not Attempted",$I11),0)) -> 0 | W11: =IFERROR(SEARCH("Not Attempted",$H11),0) -> 0
I12: PRELIMINARY PERFORMANCE REVIEW: The on-site assessment results have been provided. See Appendix A for the performance testing data for this part. However, to demonstrate compliance, the following must be addressed. COMMENTS TO BE ADDRESSED 1. While AAP 00093 has been applied, it is unclear if the Performance Testing Agent has provided evidence advocating that each laboratory seek ILAC Accreditation for each individual contaminant. Provide evidence (e.g. email or letter of request between the team and the laboratory), annotated in English, that demonstrates advocacy for ILAC accreditation. Note the following. I. For future projects, ensure relevant testing results have been translated into English. PRELIMINARY DOCUMENTATION REVIEW: This part has no required documentation. Requirements of this part will be verified through on-site assessment during your Performance Verification.
E13: A01.3 Meet Thresholds for Inorganic Gases | G13: Required | H13: Achieved | I13: FINAL PERFORMANCE REVIEW: The on-site assessment results have been provided and confirm compliance. See Appendix A for the performance testing data for this part. PRELIMINARY PERFORMANCE REVIEW: The on-site assessment results have been provided. See Appendix A for the performance testing data for this part. However, to demonstrate compliance, the following must be addressed. COMMENTS TO BE ADDRESSED 1. While testing results have been provided, It is unclear if the median of the raw results for carbon monoxide and ozone have been included as the calculations have not been provided. Provide revised documentation that includes the calculations indicating the median of the raw data has been provided, excluding the acclimation time, per the Performance Verification Guidebook. Note the following. I. For future projects, ensure the lower reporting limit of the carbon monoxide sensor is included in the equipment specifications. PRELIMINARY DOCUMENTATION REVIEW: This part has no required documentation. Requirements of this part will be verified through on-site assessment during your Performance Verification. | L13: =IF(OR(Overview!$D$4="Preliminary Documentation Review",Overview!$D$4="Preliminary Precertification Review"),IF(AND(P13=0,Q13=0),"",IF(AND(P13>0,Q13>0),"","MISMATCH")),"") | M13: =IF(OR(Overview!$D$4="Preliminary Documentation Review",Overview!$D$4="Preliminary Precertification Review"),IF(AND(R13=0,S13=0),"",IF(AND(R13>0,S13>0),"","MISMATCH")),"") | N13: =IF(OR(Overview!$D$4="Preliminary Documentation Review",Overview!$D$4="Preliminary Precertification Review"),IF(AND(T13=0,U13=0),"",IF(AND(T13>0,U13>0),"MISMATCH","")),"") | O13: =IF(OR(Overview!$D$4="Preliminary Documentation Review",Overview!$D$4="Preliminary Precertification Review"),IF(AND(V13=0,W13=0),"",IF(AND(V13>0,W13>0),"","MISMATCH")),"") | P13: =IFERROR(SEARCH("COMMENTS TO BE ADDRESS",$I13),0) -> 381 | Q13: =IFERROR(SEARCH("Pending Documentation",$H13),0) -> 0 | R13: =IFERROR(SEARCH("equirements of this part will be v",$I13),0) -> 1016 | S13: =IFERROR(SEARCH("Pending On",$H13),0) -> 0 | T13: =IFERROR(SEARCH("This Part has no",$I13),0) -> 973 | U13: =IFERROR(SEARCH("Anticipated",$H13),0) -> 0 | V13: =IFERROR(SEARCH("This Part has not been attempted.",$I13),IFERROR(SEARCH("Not Attempted",$I13),0)) -> 0 | W13: =IFERROR(SEARCH("Not Attempted",$H13),0) -> 0
E14: A01.4 Meet Radon Threshold | G14: Required | H14: Achieved | I14: PRELIMINARY DOCUMENTATION REVIEW: Documentation has been provided. | L14: =IF(OR(Overview!$D$4="Preliminary Documentation Review",Overview!$D$4="Preliminary Precertification Review"),IF(AND(P14=0,Q14=0),"",IF(AND(P14>0,Q14>0),"","MISMATCH")),"") | M14: =IF(OR(Overview!$D$4="Preliminary Documentation Review",Overview!$D$4="Preliminary Precertification Review"),IF(AND(R14=0,S14=0),"",IF(AND(R14>0,S14>0),"","MISMATCH")),"") | N14: =IF(OR(Overview!$D$4="Preliminary Documentation Review",Overview!$D$4="Preliminary Precertification Review"),IF(AND(T14=0,U14=0),"",IF(AND(T14>0,U14>0),"MISMATCH","")),"") | O14: =IF(OR(Overview!$D$4="Preliminary Documentation Review",Overview!$D$4="Preliminary Precertification Review"),IF(AND(V14=0,W14=0),"",IF(AND(V14>0,W14>0),"","MISMATCH")),"") | P14: =IFERROR(SEARCH("COMMENTS TO BE ADDRESS",$I14),0) -> 0 | Q14: =IFERROR(SEARCH("Pending Documentation",$H14),0) -> 0 | R14: =IFERROR(SEARCH("equirements of this part will be v",$I14),0) -> 0 | S14: =IFERROR(SEARCH("Pending On",$H14),0) -> 0 | T14: =IFERROR(SEARCH("This Part has no",$I14),0) -> 0 | U14: =IFERROR(SEARCH("Anticipated",$H14),0) -> 0 | V14: =IFERROR(SEARCH("This Part has not been attempted.",$I14),IFERROR(SEARCH("Not Attempted",$I14),0)) -> 0 | W14: =IFERROR(SEARCH("Not Attempted",$H14),0) -> 0
E15: A01.5 Monitor Fundamental Air Parameters | G15: Required | H15: Achieved | I15: PRELIMINARY DOCUMENTATION REVIEW: Documentation has been provided. Note the following. I. Ensure that air testing records will be provided through WELL Online annually. | L15: =IF(OR(Overview!$D$4="Preliminary Documentation Review",Overview!$D$4="Preliminary Precertification Review"),IF(AND(P15=0,Q15=0),"",IF(AND(P15>0,Q15>0),"","MISMATCH")),"") | M15: =IF(OR(Overview!$D$4="Preliminary Documentation Review",Overview!$D$4="Preliminary Precertification Review"),IF(AND(R15=0,S15=0),"",IF(AND(R15>0,S15>0),"","MISMATCH")),"") | N15: =IF(OR(Overview!$D$4="Preliminary Documentation Review",Overview!$D$4="Preliminary Precertification Review"),IF(AND(T15=0,U15=0),"",IF(AND(T15>0,U15>0),"MISMATCH","")),"") | O15: =IF(OR(Overview!$D$4="Preliminary Documentation Review",Overview!$D$4="Preliminary Precertification Review"),IF(AND(V15=0,W15=0),"",IF(AND(V15>0,W15>0),"","MISMATCH")),"") | P15: =IFERROR(SEARCH("COMMENTS TO BE ADDRESS",$I15),0) -> 0 | Q15: =IFERROR(SEARCH("Pending Documentation",$H15),0) -> 0 | R15: =IFERROR(SEARCH("equirements of this part will be v",$I15),0) -> 0 | S15: =IFERROR(SEARCH("Pending On",$H15),0) -> 0 | T15: =IFERROR(SEARCH("This Part has no",$I15),0) -> 0 | U15: =IFERROR(SEARCH("Anticipated",$H15),0) -> 0 | V15: =IFERROR(SEARCH("This Part has not been attempted.",$I15),IFERROR(SEARCH("Not Attempted",$I15),0)) -> 0 | W15: =IFERROR(SEARCH("Not Attempted",$H15),0) -> 0
C16: P | D16: A02. Smoke-Free Environment | E16: A02.1 Prohibit Indoor Smoking | G16: Required | H16: Achieved | I16: PRELIMINARY DOCUMENTATION REVIEW: Documentation has been provided. | L16: =IF(OR(Overview!$D$4="Preliminary Documentation Review",Overview!$D$4="Preliminary Precertification Review"),IF(AND(P16=0,Q16=0),"",IF(AND(P16>0,Q16>0),"","MISMATCH")),"") | M16: =IF(OR(Overview!$D$4="Preliminary Documentation Review",Overview!$D$4="Preliminary Precertification Review"),IF(AND(R16=0,S16=0),"",IF(AND(R16>0,S16>0),"","MISMATCH")),"") | N16: =IF(OR(Overview!$D$4="Preliminary Documentation Review",Overview!$D$4="Preliminary Precertification Review"),IF(AND(T16=0,U16=0),"",IF(AND(T16>0,U16>0),"MISMATCH","")),"") | O16: =IF(OR(Overview!$D$4="Preliminary Documentation Review",Overview!$D$4="Preliminary Precertification Review"),IF(AND(V16=0,W16=0),"",IF(AND(V16>0,W16>0),"","MISMATCH")),"") | P16: =IFERROR(SEARCH("COMMENTS TO BE ADDRESS",$I16),0) -> 0 | Q16: =IFERROR(SEARCH("Pending Documentation",$H16),0) -> 0 | R16: =IFERROR(SEARCH("equirements of this part will be v",$I16),0) -> 0 | S16: =IFERROR(SEARCH("Pending On",$H16),0) -> 0 | T16: =IFERROR(SEARCH("This Part has no",$I16),0) -> 0 | U16: =IFERROR(SEARCH("Anticipated",$H16),0) -> 0 | V16: =IFERROR(SEARCH("This Part has not been attempted.",$I16),IFERROR(SEARCH("Not Attempted",$I16),0)) -> 0 | W16: =IFERROR(SEARCH("Not Attempted",$H16),0) -> 0
E17: A02.2 Prohibit Outdoor Smoking | G17: Required | H17: Achieved | I17: PRELIMINARY PERFORMANCE REVIEW: The on-site assessment results have been provided and confirm compliance. PRELIMINARY DOCUMENTATION REVIEW: This part has no required documentation. Requirements of this part will be verified through on-site assessment during your Performance Verification. | L17: =IF(OR(Overview!$D$4="Preliminary Documentation Review",Overview!$D$4="Preliminary Precertification Review"),IF(AND(P17=0,Q17=0),"",IF(AND(P17>0,Q17>0),"","MISMATCH")),"") | M17: =IF(OR(Overview!$D$4="Preliminary Documentation Review",Overview!$D$4="Preliminary Precertification Review"),IF(AND(R17=0,S17=0),"",IF(AND(R17>0,S17>0),"","MISMATCH")),"") | N17: =IF(OR(Overview!$D$4="Preliminary Documentation Review",Overview!$D$4="Preliminary Precertification Review"),IF(AND(T17=0,U17=0),"",IF(AND(T17>0,U17>0),"MISMATCH","")),"") | O17: =IF(OR(Overview!$D$4="Preliminary Documentation Review",Overview!$D$4="Preliminary Precertification Review"),IF(AND(V17=0,W17=0),"",IF(AND(V17>0,W17>0),"","MISMATCH")),"") | P17: =IFERROR(SEARCH("COMMENTS TO BE ADDRESS",$I17),0) -> 0 | Q17: =IFERROR(SEARCH("Pending Documentation",$H17),0) -> 0 | R17: =IFERROR(SEARCH("equirements of this part will be v",$I17),0) -> 185 | S17: =IFERROR(SEARCH("Pending On",$H17),0) -> 0 | T17: =IFERROR(SEARCH("This Part has no",$I17),0) -> 142 | U17: =IFERROR(SEARCH("Anticipated",$H17),0) -> 0 | V17: =IFERROR(SEARCH("This Part has not been attempted.",$I17),IFERROR(SEARCH("Not Attempted",$I17),0)) -> 0 | W17: =IFERROR(SEARCH("Not Attempted",$H17),0) -> 0
C18: P | D18: A03. Ventilation Effectiveness | E18: A03.1 Ensure Adequate Ventilation | G18: Required | H18: Achieved | I18: PRELIMINARY DOCUMENTATION REVIEW: Documentation has been provided. | L18: =IF(OR(Overview!$D$4="Preliminary Documentation Review",Overview!$D$4="Preliminary Precertification Review"),IF(AND(P18=0,Q18=0),"",IF(AND(P18>0,Q18>0),"","MISMATCH")),"") | M18: =IF(OR(Overview!$D$4="Preliminary Documentation Review",Overview!$D$4="Preliminary Precertification Review"),IF(AND(R18=0,S18=0),"",IF(AND(R18>0,S18>0),"","MISMATCH")),"") | N18: =IF(OR(Overview!$D$4="Preliminary Documentation Review",Overview!$D$4="Preliminary Precertification Review"),IF(AND(T18=0,U18=0),"",IF(AND(T18>0,U18>0),"MISMATCH","")),"") | O18: =IF(OR(Overview!$D$4="Preliminary Documentation Review",Overview!$D$4="Preliminary Precertification Review"),IF(AND(V18=0,W18=0),"",IF(AND(V18>0,W18>0),"","MISMATCH")),"") | P18: =IFERROR(SEARCH("COMMENTS TO BE ADDRESS",$I18),0) -> 0 | Q18: =IFERROR(SEARCH("Pending Documentation",$H18),0) -> 0 | R18: =IFERROR(SEARCH("equirements of this part will be v",$I18),0) -> 0 | S18: =IFERROR(SEARCH("Pending On",$H18),0) -> 0 | T18: =IFERROR(SEARCH("This Part has no",$I18),0) -> 0 | U18: =IFERROR(SEARCH("Anticipated",$H18),0) -> 0 | V18: =IFERROR(SEARCH("This Part has not been attempted.",$I18),IFERROR(SEARCH("Not Attempted",$I18),0)) -> 0 | W18: =IFERROR(SEARCH("Not Attempted",$H18),0) -> 0
E19: A03.2 Conduct System Balancing for All Spaces | G19: Required | H19: Achieved | I19: PRELIMINARY DOCUMENTATION REVIEW: Documentation has been provided. | L19: =IF(OR(Overview!$D$4="Preliminary Documentation Review",Overview!$D$4="Preliminary Precertification Review"),IF(AND(P19=0,Q19=0),"",IF(AND(P19>0,Q19>0),"","MISMATCH")),"") | M19: =IF(OR(Overview!$D$4="Preliminary Documentation Review",Overview!$D$4="Preliminary Precertification Review"),IF(AND(R19=0,S19=0),"",IF(AND(R19>0,S19>0),"","MISMATCH")),"") | N19: =IF(OR(Overview!$D$4="Preliminary Documentation Review",Overview!$D$4="Preliminary Precertification Review"),IF(AND(T19=0,U19=0),"",IF(AND(T19>0,U19>0),"MISMATCH","")),"") | O19: =IF(OR(Overview!$D$4="Preliminary Documentation Review",Overview!$D$4="Preliminary Precertification Review"),IF(AND(V19=0,W19=0),"",IF(AND(V19>0,W19>0),"","MISMATCH")),"") | P19: =IFERROR(SEARCH("COMMENTS TO BE ADDRESS",$I19),0) -> 0 | Q19: =IFERROR(SEARCH("Pending Documentation",$H19),0) -> 0 | R19: =IFERROR(SEARCH("equirements of this part will be v",$I19),0) -> 0 | S19: =IFERROR(SEARCH("Pending On",$H19),0) -> 0 | T19: =IFERROR(SEARCH("This Part has no",$I19),0) -> 0 | U19: =IFERROR(SEARCH("Anticipated",$H19),0) -> 0 | V19: =IFERROR(SEARCH("This Part has not been attempted.",$I19),IFERROR(SEARCH("Not Attempted",$I19),0)) -> 0 | W19: =IFERROR(SEARCH("Not Attempted",$H19),0) -> 0
C20: P | D20: A04. Construction Pollution Management | E20: A04.1 Mitigate Construction Pollution | G20: Required | H20: Achieved | I20: PRELIMINARY DOCUMENTATION REVIEW: Documentation has been provided. | L20: =IF(OR(Overview!$D$4="Preliminary Documentation Review",Overview!$D$4="Preliminary Precertification Review"),IF(AND(P20=0,Q20=0),"",IF(AND(P20>0,Q20>0),"","MISMATCH")),"") | M20: =IF(OR(Overview!$D$4="Preliminary Documentation Review",Overview!$D$4="Preliminary Precertification Review"),IF(AND(R20=0,S20=0),"",IF(AND(R20>0,S20>0),"","MISMATCH")),"") | N20: =IF(OR(Overview!$D$4="Preliminary Documentation Review",Overview!$D$4="Preliminary Precertification Review"),IF(AND(T20=0,U20=0),"",IF(AND(T20>0,U20>0),"MISMATCH","")),"") | O20: =IF(OR(Overview!$D$4="Preliminary Documentation Review",Overview!$D$4="Preliminary Precertification Review"),IF(AND(V20=0,W20=0),"",IF(AND(V20>0,W20>0),"","MISMATCH")),"") | P20: =IFERROR(SEARCH("COMMENTS TO BE ADDRESS",$I20),0) -> 0 | Q20: =IFERROR(SEARCH("Pending Documentation",$H20),0) -> 0 | R20: =IFERROR(SEARCH("equirements of this part will be v",$I20),0) -> 0 | S20: =IFERROR(SEARCH("Pending On",$H20),0) -> 0 | T20: =IFERROR(SEARCH("This Part has no",$I20),0) -> 0 | U20: =IFERROR(SEARCH("Anticipated",$H20),0) -> 0 | V20: =IFERROR(SEARCH("This Part has not been attempted.",$I20),IFERROR(SEARCH("Not Attempted",$I20),0)) -> 0 | W20: =IFERROR(SEARCH("Not Attempted",$H20),0) -> 0
C21: O | D21: A05. Enhanced Air Quality | E21: A05.1 / 2 Points Meet Enhanced Thresholds for Particulate Matter | F21: 2 | G21: Yes | H21: Achieved | I21: FINAL PERFORMANCE REVIEW: The on-site assessment results have been provided and confirm compliance. See Appendix A for the performance testing data for this part. PRELIMINARY PERFORMANCE REVIEW: The on-site assessment results have been provided. See Appendix A for the performance testing data for this part. However, to demonstrate compliance, the following must be addressed. COMMENTS TO BE ADDRESSED 1. While testing results have been provided, it appears the raw data values for PM2.5 and PM10 have been averaged instead of taking the median as required by the Performance Verification Guidebook. Provide revised calculations using the median of the raw data, excluding acclimation time, per the Performance Verification Guidebook. Alternatively, provide a narrative from the project team that they wish to withdraw this part. PRELIMINARY DOCUMENTATION REVIEW: This part has no required documentation. Requirements of this part will be verified through on-site assessment during your Performance Verification. | L21: =IF(OR(Overview!$D$4="Preliminary Documentation Review",Overview!$D$4="Preliminary Precertification Review"),IF(AND(P21=0,Q21=0),"",IF(AND(P21>0,Q21>0),"","MISMATCH")),"") | M21: =IF(OR(Overview!$D$4="Preliminary Documentation Review",Overview!$D$4="Preliminary Precertification Review"),IF(AND(R21=0,S21=0),"",IF(AND(R21>0,S21>0),"","MISMATCH")),"") | N21: =IF(OR(Overview!$D$4="Preliminary Documentation Review",Overview!$D$4="Preliminary Precertification Review"),IF(AND(T21=0,U21=0),"",IF(AND(T21>0,U21>0),"MISMATCH","")),"") | O21: =IF(OR(Overview!$D$4="Preliminary Documentation Review",Overview!$D$4="Preliminary Precertification Review"),IF(AND(V21=0,W21=0),"",IF(AND(V21>0,W21>0),"","MISMATCH")),"") | P21: =IFERROR(SEARCH("COMMENTS TO BE ADDRESS",$I21),0) -> 381 | Q21: =IFERROR(SEARCH("Pending Documentation",$H21),0) -> 0 | R21: =IFERROR(SEARCH("equirements of this part will be v",$I21),0) -> 912 | S21: =IFERROR(SEARCH("Pending On",$H21),0) -> 0 | T21: =IFERROR(SEARCH("This Part has no",$I21),0) -> 869 | U21: =IFERROR(SEARCH("Anticipated",$H21),0) -> 0 | V21: =IFERROR(SEARCH("This Part has not been attempted.",$I21),IFERROR(SEARCH("Not Attempted",$I21),0)) -> 0 | W21: =IFERROR(SEARCH("Not Attempted",$H21),0) -> 0
E22: A05.2 / 1 Point Meet Enhanced Thresholds for Organic Gases | F22: 1 | G22: Yes | H22: Achieved | I22: FINAL PERFORMANCE REVIEW: The on-site assessment results confirm achievement of this part. See Appendix A for the performance testing data for this part. | L22: =IF(OR(Overview!$D$4="Preliminary Documentation Review",Overview!$D$4="Preliminary Precertification Review"),IF(AND(P22=0,Q22=0),"",IF(AND(P22>0,Q22>0),"","MISMATCH")),"") | M22: =IF(OR(Overview!$D$4="Preliminary Documentation Review",Overview!$D$4="Preliminary Precertification Review"),IF(AND(R22=0,S22=0),"",IF(AND(R22>0,S22>0),"","MISMATCH")),"") | N22: =IF(OR(Overview!$D$4="Preliminary Documentation Review",Overview!$D$4="Preliminary Precertification Review"),IF(AND(T22=0,U22=0),"",IF(AND(T22>0,U22>0),"MISMATCH","")),"") | O22: =IF(OR(Overview!$D$4="Preliminary Documentation Review",Overview!$D$4="Preliminary Precertification Review"),IF(AND(V22=0,W22=0),"",IF(AND(V22>0,W22>0),"","MISMATCH")),"") | P22: =IFERROR(SEARCH("COMMENTS TO BE ADDRESS",$I22),0) -> 0 | Q22: =IFERROR(SEARCH("Pending Documentation",$H22),0) -> 0 | R22: =IFERROR(SEARCH("equirements of this part will be v",$I22),0) -> 0 | S22: =IFERROR(SEARCH("Pending On",$H22),0) -> 0 | T22: =IFERROR(SEARCH("This Part has no",$I22),0) -> 0 | U22: =IFERROR(SEARCH("Anticipated",$H22),0) -> 0 | V22: =IFERROR(SEARCH("This Part has not been attempted.",$I22),IFERROR(SEARCH("Not Attempted",$I22),0)) -> 0 | W22: =IFERROR(SEARCH("Not Attempted",$H22),0) -> 0
I23: PRELIMINARY PERFORMANCE REVIEW: The on-site assessment results have been provided. See Appendix A for the performance testing data for this part. However, to demonstrate compliance, the following must be addressed. COMMENTS TO BE ADDRESSED 1. While AAP 00093 has been applied, it is unclear if the Performance Testing Agent has provided evidence advocating that each laboratory seek ILAC Accreditation for each individual contaminant. Provide evidence (e.g. email or letter of request between the team and the laboratory), annotated in English, that demonstrates advocacy for ILAC accreditation. Note the following. I. For future projects, ensure relevant testing results have been translated into English. PRELIMINARY DOCUMENTATION REVIEW: This part has no required documentation. Requirements of this part will be verified through on-site assessment during your Performance Verification.
E24: A05.3 / 1 Point Meet Enhanced Thresholds for Inorganic Gases | G24: No | H24: Not Attempted | I24: PRELIMINARY DOCUMENTATION REVIEW: This part has not been attempted. | L24: =IF(OR(Overview!$D$4="Preliminary Documentation Review",Overview!$D$4="Preliminary Precertification Review"),IF(AND(P24=0,Q24=0),"",IF(AND(P24>0,Q24>0),"","MISMATCH")),"") | M24: =IF(OR(Overview!$D$4="Preliminary Documentation Review",Overview!$D$4="Preliminary Precertification Review"),IF(AND(R24=0,S24=0),"",IF(AND(R24>0,S24>0),"","MISMATCH")),"") | N24: =IF(OR(Overview!$D$4="Preliminary Documentation Review",Overview!$D$4="Preliminary Precertification Review"),IF(AND(T24=0,U24=0),"",IF(AND(T24>0,U24>0),"MISMATCH","")),"") | O24: =IF(OR(Overview!$D$4="Preliminary Documentation Review",Overview!$D$4="Preliminary Precertification Review"),IF(AND(V24=0,W24=0),"",IF(AND(V24>0,W24>0),"","MISMATCH")),"") | P24: =IFERROR(SEARCH("COMMENTS TO BE ADDRESS",$I24),0) -> 0 | Q24: =IFERROR(SEARCH("Pending Documentation",$H24),0) -> 0 | R24: =IFERROR(SEARCH("equirements of this part will be v",$I24),0) -> 0 | S24: =IFERROR(SEARCH("Pending On",$H24),0) -> 0 | T24: =IFERROR(SEARCH("This Part has no",$I24),0) -> 35 | U24: =IFERROR(SEARCH("Anticipated",$H24),0) -> 0 | V24: =IFERROR(SEARCH("This Part has not been attempted.",$I24),IFERROR(SEARCH("Not Attempted",$I24),0)) -> 35 | W24: =IFERROR(SEARCH("Not Attempted",$H24),0) -> 1
C25: O | D25: A06. Enhanced Ventilation | E25: A06.1 / 3 Points Increase Outdoor Air Supply | F25: 1 | G25: Yes | H25: Achieved | I25: PRELIMINARY DOCUMENTATION REVIEW: Documentation has been provided. | L25: =IF(OR(Overview!$D$4="Preliminary Documentation Review",Overview!$D$4="Preliminary Precertification Review"),IF(AND(P25=0,Q25=0),"",IF(AND(P25>0,Q25>0),"","MISMATCH")),"") | M25: =IF(OR(Overview!$D$4="Preliminary Documentation Review",Overview!$D$4="Preliminary Precertification Review"),IF(AND(R25=0,S25=0),"",IF(AND(R25>0,S25>0),"","MISMATCH")),"") | N25: =IF(OR(Overview!$D$4="Preliminary Documentation Review",Overview!$D$4="Preliminary Precertification Review"),IF(AND(T25=0,U25=0),"",IF(AND(T25>0,U25>0),"MISMATCH","")),"") | O25: =IF(OR(Overview!$D$4="Preliminary Documentation Review",Overview!$D$4="Preliminary Precertification Review"),IF(AND(V25=0,W25=0),"",IF(AND(V25>0,W25>0),"","MISMATCH")),"") | P25: =IFERROR(SEARCH("COMMENTS TO BE ADDRESS",$I25),0) -> 0 | Q25: =IFERROR(SEARCH("Pending Documentation",$H25),0) -> 0 | R25: =IFERROR(SEARCH("equirements of this part will be v",$I25),0) -> 0 | S25: =IFERROR(SEARCH("Pending On",$H25),0) -> 0 | T25: =IFERROR(SEARCH("This Part has no",$I25),0) -> 0 | U25: =IFERROR(SEARCH("Anticipated",$H25),0) -> 0 | V25: =IFERROR(SEARCH("This Part has not been attempted.",$I25),IFERROR(SEARCH("Not Attempted",$I25),0)) -> 0 | W25: =IFERROR(SEARCH("Not Attempted",$H25),0) -> 0
E26: A06.2 / 3 Points Implement Demand-Controlled Ventilation | G26: No | H26: Not Attempted | I26: PRELIMINARY DOCUMENTATION REVIEW: This part has not been attempted. | L26: =IF(OR(Overview!$D$4="Preliminary Documentation Review",Overview!$D$4="Preliminary Precertification Review"),IF(AND(P26=0,Q26=0),"",IF(AND(P26>0,Q26>0),"","MISMATCH")),"") | M26: =IF(OR(Overview!$D$4="Preliminary Documentation Review",Overview!$D$4="Preliminary Precertification Review"),IF(AND(R26=0,S26=0),"",IF(AND(R26>0,S26>0),"","MISMATCH")),"") | N26: =IF(OR(Overview!$D$4="Preliminary Documentation Review",Overview!$D$4="Preliminary Precertification Review"),IF(AND(T26=0,U26=0),"",IF(AND(T26>0,U26>0),"MISMATCH","")),"") | O26: =IF(OR(Overview!$D$4="Preliminary Documentation Review",Overview!$D$4="Preliminary Precertification Review"),IF(AND(V26=0,W26=0),"",IF(AND(V26>0,W26>0),"","MISMATCH")),"") | P26: =IFERROR(SEARCH("COMMENTS TO BE ADDRESS",$I26),0) -> 0 | Q26: =IFERROR(SEARCH("Pending Documentation",$H26),0) -> 0 | R26: =IFERROR(SEARCH("equirements of this part will be v",$I26),0) -> 0 | S26: =IFERROR(SEARCH("Pending On",$H26),0) -> 0 | T26: =IFERROR(SEARCH("This Part has no",$I26),0) -> 35 | U26: =IFERROR(SEARCH("Anticipated",$H26),0) -> 0 | V26: =IFERROR(SEARCH("This Part has not been attempted.",$I26),IFERROR(SEARCH("Not Attempted",$I26),0)) -> 35 | W26: =IFERROR(SEARCH("Not Attempted",$H26),0) -> 1
E27: A06.3 / 1 Point Implement Displacement Ventilation | G27: No | H27: Not Attempted | I27: PRELIMINARY DOCUMENTATION REVIEW: This part has not been attempted. | L27: =IF(OR(Overview!$D$4="Preliminary Documentation Review",Overview!$D$4="Preliminary Precertification Review"),IF(AND(P27=0,Q27=0),"",IF(AND(P27>0,Q27>0),"","MISMATCH")),"") | M27: =IF(OR(Overview!$D$4="Preliminary Documentation Review",Overview!$D$4="Preliminary Precertification Review"),IF(AND(R27=0,S27=0),"",IF(AND(R27>0,S27>0),"","MISMATCH")),"") | N27: =IF(OR(Overview!$D$4="Preliminary Documentation Review",Overview!$D$4="Preliminary Precertification Review"),IF(AND(T27=0,U27=0),"",IF(AND(T27>0,U27>0),"MISMATCH","")),"") | O27: =IF(OR(Overview!$D$4="Preliminary Documentation Review",Overview!$D$4="Preliminary Precertification Review"),IF(AND(V27=0,W27=0),"",IF(AND(V27>0,W27>0),"","MISMATCH")),"") | P27: =IFERROR(SEARCH("COMMENTS TO BE ADDRESS",$I27),0) -> 0 | Q27: =IFERROR(SEARCH("Pending Documentation",$H27),0) -> 0 | R27: =IFERROR(SEARCH("equirements of this part will be v",$I27),0) -> 0 | S27: =IFERROR(SEARCH("Pending On",$H27),0) -> 0 | T27: =IFERROR(SEARCH("This Part has no",$I27),0) -> 35 | U27: =IFERROR(SEARCH("Anticipated",$H27),0) -> 0 | V27: =IFERROR(SEARCH("This Part has not been attempted.",$I27),IFERROR(SEARCH("Not Attempted",$I27),0)) -> 35 | W27: =IFERROR(SEARCH("Not Attempted",$H27),0) -> 1
E28: A06.4 / 3 Points Implement Advanced Air Distribution | G28: No | H28: Not Attempted | I28: PRELIMINARY DOCUMENTATION REVIEW: This part has not been attempted. | L28: =IF(OR(Overview!$D$4="Preliminary Documentation Review",Overview!$D$4="Preliminary Precertification Review"),IF(AND(P28=0,Q28=0),"",IF(AND(P28>0,Q28>0),"","MISMATCH")),"") | M28: =IF(OR(Overview!$D$4="Preliminary Documentation Review",Overview!$D$4="Preliminary Precertification Review"),IF(AND(R28=0,S28=0),"",IF(AND(R28>0,S28>0),"","MISMATCH")),"") | N28: =IF(OR(Overview!$D$4="Preliminary Documentation Review",Overview!$D$4="Preliminary Precertification Review"),IF(AND(T28=0,U28=0),"",IF(AND(T28>0,U28>0),"MISMATCH","")),"") | O28: =IF(OR(Overview!$D$4="Preliminary Documentation Review",Overview!$D$4="Preliminary Precertification Review"),IF(AND(V28=0,W28=0),"",IF(AND(V28>0,W28>0),"","MISMATCH")),"") | P28: =IFERROR(SEARCH("COMMENTS TO BE ADDRESS",$I28),0) -> 0 | Q28: =IFERROR(SEARCH("Pending Documentation",$H28),0) -> 0 | R28: =IFERROR(SEARCH("equirements of this part will be v",$I28),0) -> 0 | S28: =IFERROR(SEARCH("Pending On",$H28),0) -> 0 | T28: =IFERROR(SEARCH("This Part has no",$I28),0) -> 35 | U28: =IFERROR(SEARCH("Anticipated",$H28),0) -> 0 | V28: =IFERROR(SEARCH("This Part has not been attempted.",$I28),IFERROR(SEARCH("Not Attempted",$I28),0)) -> 35 | W28: =IFERROR(SEARCH("Not Attempted",$H28),0) -> 1
C29: O | D29: A07. Operable Windows | E29: A07.1 / 1 Point Provide Operable Windows | G29: No | H29: Not Attempted | I29: PRELIMINARY DOCUMENTATION REVIEW: This part has not been attempted. | L29: =IF(OR(Overview!$D$4="Preliminary Documentation Review",Overview!$D$4="Preliminary Precertification Review"),IF(AND(P29=0,Q29=0),"",IF(AND(P29>0,Q29>0),"","MISMATCH")),"") | M29: =IF(OR(Overview!$D$4="Preliminary Documentation Review",Overview!$D$4="Preliminary Precertification Review"),IF(AND(R29=0,S29=0),"",IF(AND(R29>0,S29>0),"","MISMATCH")),"") | N29: =IF(OR(Overview!$D$4="Preliminary Documentation Review",Overview!$D$4="Preliminary Precertification Review"),IF(AND(T29=0,U29=0),"",IF(AND(T29>0,U29>0),"MISMATCH","")),"") | O29: =IF(OR(Overview!$D$4="Preliminary Documentation Review",Overview!$D$4="Preliminary Precertification Review"),IF(AND(V29=0,W29=0),"",IF(AND(V29>0,W29>0),"","MISMATCH")),"") | P29: =IFERROR(SEARCH("COMMENTS TO BE ADDRESS",$I29),0) -> 0 | Q29: =IFERROR(SEARCH("Pending Documentation",$H29),0) -> 0 | R29: =IFERROR(SEARCH("equirements of this part will be v",$I29),0) -> 0 | S29: =IFERROR(SEARCH("Pending On",$H29),0) -> 0 | T29: =IFERROR(SEARCH("This Part has no",$I29),0) -> 35 | U29: =IFERROR(SEARCH("Anticipated",$H29),0) -> 0 | V29: =IFERROR(SEARCH("This Part has not been attempted.",$I29),IFERROR(SEARCH("Not Attempted",$I29),0)) -> 35 | W29: =IFERROR(SEARCH("Not Attempted",$H29),0) -> 1
E30: A07.2 / 1 Point Manage Window Use | G30: No | H30: Not Attempted | I30: PRELIMINARY DOCUMENTATION REVIEW: This part has not been attempted. | L30: =IF(OR(Overview!$D$4="Preliminary Documentation Review",Overview!$D$4="Preliminary Precertification Review"),IF(AND(P30=0,Q30=0),"",IF(AND(P30>0,Q30>0),"","MISMATCH")),"") | M30: =IF(OR(Overview!$D$4="Preliminary Documentation Review",Overview!$D$4="Preliminary Precertification Review"),IF(AND(R30=0,S30=0),"",IF(AND(R30>0,S30>0),"","MISMATCH")),"") | N30: =IF(OR(Overview!$D$4="Preliminary Documentation Review",Overview!$D$4="Preliminary Precertification Review"),IF(AND(T30=0,U30=0),"",IF(AND(T30>0,U30>0),"MISMATCH","")),"") | O30: =IF(OR(Overview!$D$4="Preliminary Documentation Review",Overview!$D$4="Preliminary Precertification Review"),IF(AND(V30=0,W30=0),"",IF(AND(V30>0,W30>0),"","MISMATCH")),"") | P30: =IFERROR(SEARCH("COMMENTS TO BE ADDRESS",$I30),0) -> 0 | Q30: =IFERROR(SEARCH("Pending Documentation",$H30),0) -> 0 | R30: =IFERROR(SEARCH("equirements of this part will be v",$I30),0) -> 0 | S30: =IFERROR(SEARCH("Pending On",$H30),0) -> 0 | T30: =IFERROR(SEARCH("This Part has no",$I30),0) -> 35 | U30: =IFERROR(SEARCH("Anticipated",$H30),0) -> 0 | V30: =IFERROR(SEARCH("This Part has not been attempted.",$I30),IFERROR(SEARCH("Not Attempted",$I30),0)) -> 35 | W30: =IFERROR(SEARCH("Not Attempted",$H30),0) -> 1
E31: A07.3 / 1 Point Apply Universal Design to Windows | G31: No | H31: Not Attempted | I31: PRELIMINARY DOCUMENTATION REVIEW: This part has not been attempted. | L31: =IF(OR(Overview!$D$4="Preliminary Documentation Review",Overview!$D$4="Preliminary Precertification Review"),IF(AND(P31=0,Q31=0),"",IF(AND(P31>0,Q31>0),"","MISMATCH")),"") | M31: =IF(OR(Overview!$D$4="Preliminary Documentation Review",Overview!$D$4="Preliminary Precertification Review"),IF(AND(R31=0,S31=0),"",IF(AND(R31>0,S31>0),"","MISMATCH")),"") | N31: =IF(OR(Overview!$D$4="Preliminary Documentation Review",Overview!$D$4="Preliminary Precertification Review"),IF(AND(T31=0,U31=0),"",IF(AND(T31>0,U31>0),"MISMATCH","")),"") | O31: =IF(OR(Overview!$D$4="Preliminary Documentation Review",Overview!$D$4="Preliminary Precertification Review"),IF(AND(V31=0,W31=0),"",IF(AND(V31>0,W31>0),"","MISMATCH")),"") | P31: =IFERROR(SEARCH("COMMENTS TO BE ADDRESS",$I31),0) -> 0 | Q31: =IFERROR(SEARCH("Pending Documentation",$H31),0) -> 0 | R31: =IFERROR(SEARCH("equirements of this part will be v",$I31),0) -> 0 | S31: =IFERROR(SEARCH("Pending On",$H31),0) -> 0 | T31: =IFERROR(SEARCH("This Part has no",$I31),0) -> 35 | U31: =IFERROR(SEARCH("Anticipated",$H31),0) -> 0 | V31: =IFERROR(SEARCH("This Part has not been attempted.",$I31),IFERROR(SEARCH("Not Attempted",$I31),0)) -> 35 | W31: =IFERROR(SEARCH("Not Attempted",$H31),0) -> 1
C32: O | D32: A08. Air Quality Monitoring and Awareness | E32: A08.1 / 1 Point Implement Indoor Air Monitors | G32: No | H32: Not Attempted | I32: PRELIMINARY DOCUMENTATION REVIEW: This part has not been attempted. | L32: =IF(OR(Overview!$D$4="Preliminary Documentation Review",Overview!$D$4="Preliminary Precertification Review"),IF(AND(P32=0,Q32=0),"",IF(AND(P32>0,Q32>0),"","MISMATCH")),"") | M32: =IF(OR(Overview!$D$4="Preliminary Documentation Review",Overview!$D$4="Preliminary Precertification Review"),IF(AND(R32=0,S32=0),"",IF(AND(R32>0,S32>0),"","MISMATCH")),"") | N32: =IF(OR(Overview!$D$4="Preliminary Documentation Review",Overview!$D$4="Preliminary Precertification Review"),IF(AND(T32=0,U32=0),"",IF(AND(T32>0,U32>0),"MISMATCH","")),"") | O32: =IF(OR(Overview!$D$4="Preliminary Documentation Review",Overview!$D$4="Preliminary Precertification Review"),IF(AND(V32=0,W32=0),"",IF(AND(V32>0,W32>0),"","MISMATCH")),"") | P32: =IFERROR(SEARCH("COMMENTS TO BE ADDRESS",$I32),0) -> 0 | Q32: =IFERROR(SEARCH("Pending Documentation",$H32),0) -> 0 | R32: =IFERROR(SEARCH("equirements of this part will be v",$I32),0) -> 0 | S32: =IFERROR(SEARCH("Pending On",$H32),0) -> 0 | T32: =IFERROR(SEARCH("This Part has no",$I32),0) -> 35 | U32: =IFERROR(SEARCH("Anticipated",$H32),0) -> 0 | V32: =IFERROR(SEARCH("This Part has not been attempted.",$I32),IFERROR(SEARCH("Not Attempted",$I32),0)) -> 35 | W32: =IFERROR(SEARCH("Not Attempted",$H32),0) -> 1
E33: A08.2 / 1 Point Promote Air Quality Awareness | G33: No | H33: Not Attempted | I33: PRELIMINARY DOCUMENTATION REVIEW: This part has not been attempted. | L33: =IF(OR(Overview!$D$4="Preliminary Documentation Review",Overview!$D$4="Preliminary Precertification Review"),IF(AND(P33=0,Q33=0),"",IF(AND(P33>0,Q33>0),"","MISMATCH")),"") | M33: =IF(OR(Overview!$D$4="Preliminary Documentation Review",Overview!$D$4="Preliminary Precertification Review"),IF(AND(R33=0,S33=0),"",IF(AND(R33>0,S33>0),"","MISMATCH")),"") | N33: =IF(OR(Overview!$D$4="Preliminary Documentation Review",Overview!$D$4="Preliminary Precertification Review"),IF(AND(T33=0,U33=0),"",IF(AND(T33>0,U33>0),"MISMATCH","")),"") | O33: =IF(OR(Overview!$D$4="Preliminary Documentation Review",Overview!$D$4="Preliminary Precertification Review"),IF(AND(V33=0,W33=0),"",IF(AND(V33>0,W33>0),"","MISMATCH")),"") | P33: =IFERROR(SEARCH("COMMENTS TO BE ADDRESS",$I33),0) -> 0 | Q33: =IFERROR(SEARCH("Pending Documentation",$H33),0) -> 0 | R33: =IFERROR(SEARCH("equirements of this part will be v",$I33),0) -> 0 | S33: =IFERROR(SEARCH("Pending On",$H33),0) -> 0 | T33: =IFERROR(SEARCH("This Part has no",$I33),0) -> 35 | U33: =IFERROR(SEARCH("Anticipated",$H33),0) -> 0 | V33: =IFERROR(SEARCH("This Part has not been attempted.",$I33),IFERROR(SEARCH("Not Attempted",$I33),0)) -> 35 | W33: =IFERROR(SEARCH("Not Attempted",$H33),0) -> 1
C34: O | D34: A09. Pollution Infiltration Management | E34: A09.1 / 1 Point Design Healthy Envelope and Entryways | F34: 1 | G34: Yes | H34: Achieved | I34: PRELIMINARY PERFORMANCE REVIEW: The on-site assessment results have been provided and confirm compliance. FINAL DOCUMENTATION REVIEW: Additional documentation has been provided. PRELIMINARY DOCUMENTATION REVIEW: Documentation has been provided. However, to demonstrate compliance, the following must be addressed. COMMENTS TO BE ADDRESSED 1. While the Owner's Letter of Assurance has been provided indicating Part 1a is being pursued as one of the two required sections, a commissioning report is also required. Provide a commissioning report to demonstrate compliance with the requirements for Part 1a. Alternatively, provide a revised Owner's Letter of Assurance illustrating Part 1b and 1c are the only sections being pursued. Requirements of this part will be verified through on-site assessment during your Performance Verification. | L34: =IF(OR(Overview!$D$4="Preliminary Documentation Review",Overview!$D$4="Preliminary Precertification Review"),IF(AND(P34=0,Q34=0),"",IF(AND(P34>0,Q34>0),"","MISMATCH")),"") | M34: =IF(OR(Overview!$D$4="Preliminary Documentation Review",Overview!$D$4="Preliminary Precertification Review"),IF(AND(R34=0,S34=0),"",IF(AND(R34>0,S34>0),"","MISMATCH")),"") | N34: =IF(OR(Overview!$D$4="Preliminary Documentation Review",Overview!$D$4="Preliminary Precertification Review"),IF(AND(T34=0,U34=0),"",IF(AND(T34>0,U34>0),"MISMATCH","")),"") | O34: =IF(OR(Overview!$D$4="Preliminary Documentation Review",Overview!$D$4="Preliminary Precertification Review"),IF(AND(V34=0,W34=0),"",IF(AND(V34>0,W34>0),"","MISMATCH")),"") | P34: =IFERROR(SEARCH("COMMENTS TO BE ADDRESS",$I34),0) -> 318 | Q34: =IFERROR(SEARCH("Pending Documentation",$H34),0) -> 0 | R34: =IFERROR(SEARCH("equirements of this part will be v",$I34),0) -> 737 | S34: =IFERROR(SEARCH("Pending On",$H34),0) -> 0 | T34: =IFERROR(SEARCH("This Part has no",$I34),0) -> 0 | U34: =IFERROR(SEARCH("Anticipated",$H34),0) -> 0 | V34: =IFERROR(SEARCH("This Part has not been attempted.",$I34),IFERROR(SEARCH("Not Attempted",$I34),0)) -> 0 | W34: =IFERROR(SEARCH("Not Attempted",$H34),0) -> 0
C35: O | D35: A10. Combustion Minimization | E35: A10.1 / 1 Point Manage Combustion | F35: 1 | G35: Yes | H35: Achieved | I35: PRELIMINARY PERFORMANCE REVIEW: The on-site assessment results have been provided and confirm compliance. PRELIMINARY DOCUMENTATION REVIEW: Documentation has been provided. Requirements of this part will be verified through on-site assessment during your Performance Verification. | L35: =IF(OR(Overview!$D$4="Preliminary Documentation Review",Overview!$D$4="Preliminary Precertification Review"),IF(AND(P35=0,Q35=0),"",IF(AND(P35>0,Q35>0),"","MISMATCH")),"") | M35: =IF(OR(Overview!$D$4="Preliminary Documentation Review",Overview!$D$4="Preliminary Precertification Review"),IF(AND(R35=0,S35=0),"",IF(AND(R35>0,S35>0),"","MISMATCH")),"") | N35: =IF(OR(Overview!$D$4="Preliminary Documentation Review",Overview!$D$4="Preliminary Precertification Review"),IF(AND(T35=0,U35=0),"",IF(AND(T35>0,U35>0),"MISMATCH","")),"") | O35: =IF(OR(Overview!$D$4="Preliminary Documentation Review",Overview!$D$4="Preliminary Precertification Review"),IF(AND(V35=0,W35=0),"",IF(AND(V35>0,W35>0),"","MISMATCH")),"") | P35: =IFERROR(SEARCH("COMMENTS TO BE ADDRESS",$I35),0) -> 0 | Q35: =IFERROR(SEARCH("Pending Documentation",$H35),0) -> 0 | R35: =IFERROR(SEARCH("equirements of this part will be v",$I35),0) -> 178 | S35: =IFERROR(SEARCH("Pending On",$H35),0) -> 0 | T35: =IFERROR(SEARCH("This Part has no",$I35),0) -> 0 | U35: =IFERROR(SEARCH("Anticipated",$H35),0) -> 0 | V35: =IFERROR(SEARCH("This Part has not been attempted.",$I35),IFERROR(SEARCH("Not Attempted",$I35),0)) -> 0 | W35: =IFERROR(SEARCH("Not Attempted",$H35),0) -> 0
C36: O | D36: A11. Source Separation | E36: A11.1 / 1 Point Manage Pollution and Exhaust | F36: 1 | G36: Yes | H36: Achieved | I36: PRELIMINARY DOCUMENTATION REVIEW: Documentation has been provided. | L36: =IF(OR(Overview!$D$4="Preliminary Documentation Review",Overview!$D$4="Preliminary Precertification Review"),IF(AND(P36=0,Q36=0),"",IF(AND(P36>0,Q36>0),"","MISMATCH")),"") | M36: =IF(OR(Overview!$D$4="Preliminary Documentation Review",Overview!$D$4="Preliminary Precertification Review"),IF(AND(R36=0,S36=0),"",IF(AND(R36>0,S36>0),"","MISMATCH")),"") | N36: =IF(OR(Overview!$D$4="Preliminary Documentation Review",Overview!$D$4="Preliminary Precertification Review"),IF(AND(T36=0,U36=0),"",IF(AND(T36>0,U36>0),"MISMATCH","")),"") | O36: =IF(OR(Overview!$D$4="Preliminary Documentation Review",Overview!$D$4="Preliminary Precertification Review"),IF(AND(V36=0,W36=0),"",IF(AND(V36>0,W36>0),"","MISMATCH")),"") | P36: =IFERROR(SEARCH("COMMENTS TO BE ADDRESS",$I36),0) -> 0 | Q36: =IFERROR(SEARCH("Pending Documentation",$H36),0) -> 0 | R36: =IFERROR(SEARCH("equirements of this part will be v",$I36),0) -> 0 | S36: =IFERROR(SEARCH("Pending On",$H36),0) -> 0 | T36: =IFERROR(SEARCH("This Part has no",$I36),0) -> 0 | U36: =IFERROR(SEARCH("Anticipated",$H36),0) -> 0 | V36: =IFERROR(SEARCH("This Part has not been attempted.",$I36),IFERROR(SEARCH("Not Attempted",$I36),0)) -> 0 | W36: =IFERROR(SEARCH("Not Attempted",$H36),0) -> 0
C37: O | D37: A12. Air Filtration | E37: A12.1 / 1 Point Implement Particle Filtration | F37: 1 | G37: Yes | H37: Achieved | I37: PRELIMINARY PERFORMANCE REVIEW: The on-site assessment results have been provided and confirm compliance. PRELIMINARY DOCUMENTATION REVIEW: Documentation has been provided. Requirements of this part will be verified through on-site assessment during your Performance Verification. Note the following. I. Ensure that records of air filtration maintenance will be provided through WELL Online annually. | L37: =IF(OR(Overview!$D$4="Preliminary Documentation Review",Overview!$D$4="Preliminary Precertification Review"),IF(AND(P37=0,Q37=0),"",IF(AND(P37>0,Q37>0),"","MISMATCH")),"") | M37: =IF(OR(Overview!$D$4="Preliminary Documentation Review",Overview!$D$4="Preliminary Precertification Review"),IF(AND(R37=0,S37=0),"",IF(AND(R37>0,S37>0),"","MISMATCH")),"") | N37: =IF(OR(Overview!$D$4="Preliminary Documentation Review",Overview!$D$4="Preliminary Precertification Review"),IF(AND(T37=0,U37=0),"",IF(AND(T37>0,U37>0),"MISMATCH","")),"") | O37: =IF(OR(Overview!$D$4="Preliminary Documentation Review",Overview!$D$4="Preliminary Precertification Review"),IF(AND(V37=0,W37=0),"",IF(AND(V37>0,W37>0),"","MISMATCH")),"") | P37: =IFERROR(SEARCH("COMMENTS TO BE ADDRESS",$I37),0) -> 0 | Q37: =IFERROR(SEARCH("Pending Documentation",$H37),0) -> 0 | R37: =IFERROR(SEARCH("equirements of this part will be v",$I37),0) -> 178 | S37: =IFERROR(SEARCH("Pending On",$H37),0) -> 0 | T37: =IFERROR(SEARCH("This Part has no",$I37),0) -> 0 | U37: =IFERROR(SEARCH("Anticipated",$H37),0) -> 0 | V37: =IFERROR(SEARCH("This Part has not been attempted.",$I37),IFERROR(SEARCH("Not Attempted",$I37),0)) -> 0 | W37: =IFERROR(SEARCH("Not Attempted",$H37),0) -> 0
C38: O | D38: A13. Active VOC Control | E38: A13.1 / 1 Point Implement Carbon Filtration | G38: No | H38: Not Attempted | I38: PRELIMINARY DOCUMENTATION REVIEW: This part has not been attempted. | L38: =IF(OR(Overview!$D$4="Preliminary Documentation Review",Overview!$D$4="Preliminary Precertification Review"),IF(AND(P38=0,Q38=0),"",IF(AND(P38>0,Q38>0),"","MISMATCH")),"") | M38: =IF(OR(Overview!$D$4="Preliminary Documentation Review",Overview!$D$4="Preliminary Precertification Review"),IF(AND(R38=0,S38=0),"",IF(AND(R38>0,S38>0),"","MISMATCH")),"") | N38: =IF(OR(Overview!$D$4="Preliminary Documentation Review",Overview!$D$4="Preliminary Precertification Review"),IF(AND(T38=0,U38=0),"",IF(AND(T38>0,U38>0),"MISMATCH","")),"") | O38: =IF(OR(Overview!$D$4="Preliminary Documentation Review",Overview!$D$4="Preliminary Precertification Review"),IF(AND(V38=0,W38=0),"",IF(AND(V38>0,W38>0),"","MISMATCH")),"") | P38: =IFERROR(SEARCH("COMMENTS TO BE ADDRESS",$I38),0) -> 0 | Q38: =IFERROR(SEARCH("Pending Documentation",$H38),0) -> 0 | R38: =IFERROR(SEARCH("equirements of this part will be v",$I38),0) -> 0 | S38: =IFERROR(SEARCH("Pending On",$H38),0) -> 0 | T38: =IFERROR(SEARCH("This Part has no",$I38),0) -> 35 | U38: =IFERROR(SEARCH("Anticipated",$H38),0) -> 0 | V38: =IFERROR(SEARCH("This Part has not been attempted.",$I38),IFERROR(SEARCH("Not Attempted",$I38),0)) -> 35 | W38: =IFERROR(SEARCH("Not Attempted",$H38),0) -> 1
C39: O | D39: A14. Microbe and Mold Control | E39: A14.1 / 1 Point Implement Ultraviolet Air Treatment | G39: No | H39: Not Attempted | I39: PRELIMINARY DOCUMENTATION REVIEW: This part has not been attempted. | L39: =IF(OR(Overview!$D$4="Preliminary Documentation Review",Overview!$D$4="Preliminary Precertification Review"),IF(AND(P39=0,Q39=0),"",IF(AND(P39>0,Q39>0),"","MISMATCH")),"") | M39: =IF(OR(Overview!$D$4="Preliminary Documentation Review",Overview!$D$4="Preliminary Precertification Review"),IF(AND(R39=0,S39=0),"",IF(AND(R39>0,S39>0),"","MISMATCH")),"") | N39: =IF(OR(Overview!$D$4="Preliminary Documentation Review",Overview!$D$4="Preliminary Precertification Review"),IF(AND(T39=0,U39=0),"",IF(AND(T39>0,U39>0),"MISMATCH","")),"") | O39: =IF(OR(Overview!$D$4="Preliminary Documentation Review",Overview!$D$4="Preliminary Precertification Review"),IF(AND(V39=0,W39=0),"",IF(AND(V39>0,W39>0),"","MISMATCH")),"") | P39: =IFERROR(SEARCH("COMMENTS TO BE ADDRESS",$I39),0) -> 0 | Q39: =IFERROR(SEARCH("Pending Documentation",$H39),0) -> 0 | R39: =IFERROR(SEARCH("equirements of this part will be v",$I39),0) -> 0 | S39: =IFERROR(SEARCH("Pending On",$H39),0) -> 0 | T39: =IFERROR(SEARCH("This Part has no",$I39),0) -> 35 | U39: =IFERROR(SEARCH("Anticipated",$H39),0) -> 0 | V39: =IFERROR(SEARCH("This Part has not been attempted.",$I39),IFERROR(SEARCH("Not Attempted",$I39),0)) -> 35 | W39: =IFERROR(SEARCH("Not Attempted",$H39),0) -> 1
E40: A14.2 / 1 Point Manage Condensation and Mold | F40: 1 | G40: Yes | H40: Achieved | I40: PRELIMINARY DOCUMENTATION REVIEW: Documentation has been provided. Note the following. I. Ensure that maintenance and/or replacement records for the ultraviolet device will be provided through WELL Online annually. | L40: =IF(OR(Overview!$D$4="Preliminary Documentation Review",Overview!$D$4="Preliminary Precertification Review"),IF(AND(P40=0,Q40=0),"",IF(AND(P40>0,Q40>0),"","MISMATCH")),"") | M40: =IF(OR(Overview!$D$4="Preliminary Documentation Review",Overview!$D$4="Preliminary Precertification Review"),IF(AND(R40=0,S40=0),"",IF(AND(R40>0,S40>0),"","MISMATCH")),"") | N40: =IF(OR(Overview!$D$4="Preliminary Documentation Review",Overview!$D$4="Preliminary Precertification Review"),IF(AND(T40=0,U40=0),"",IF(AND(T40>0,U40>0),"MISMATCH","")),"") | O40: =IF(OR(Overview!$D$4="Preliminary Documentation Review",Overview!$D$4="Preliminary Precertification Review"),IF(AND(V40=0,W40=0),"",IF(AND(V40>0,W40>0),"","MISMATCH")),"") | P40: =IFERROR(SEARCH("COMMENTS TO BE ADDRESS",$I40),0) -> 0 | Q40: =IFERROR(SEARCH("Pending Documentation",$H40),0) -> 0 | R40: =IFERROR(SEARCH("equirements of this part will be v",$I40),0) -> 0 | S40: =IFERROR(SEARCH("Pending On",$H40),0) -> 0 | T40: =IFERROR(SEARCH("This Part has no",$I40),0) -> 0 | U40: =IFERROR(SEARCH("Anticipated",$H40),0) -> 0 | V40: =IFERROR(SEARCH("This Part has not been attempted.",$I40),IFERROR(SEARCH("Not Attempted",$I40),0)) -> 0 | W40: =IFERROR(SEARCH("Not Attempted",$H40),0) -> 0
L41: =IF(OR(Overview!$D$4="Preliminary Documentation Review",Overview!$D$4="Preliminary Precertification Review"),IF(AND(P41=0,Q41=0),"",IF(AND(P41>0,Q41>0),"","MISMATCH")),"") | M41: =IF(OR(Overview!$D$4="Preliminary Documentation Review",Overview!$D$4="Preliminary Precertification Review"),IF(AND(R41=0,S41=0),"",IF(AND(R41>0,S41>0),"","MISMATCH")),"") | N41: =IF(OR(Overview!$D$4="Preliminary Documentation Review",Overview!$D$4="Preliminary Precertification Review"),IF(AND(T41=0,U41=0),"",IF(AND(T41>0,U41>0),"MISMATCH","")),"") | O41: =IF(OR(Overview!$D$4="Preliminary Documentation Review",Overview!$D$4="Preliminary Precertification Review"),IF(AND(V41=0,W41=0),"",IF(AND(V41>0,W41>0),"","MISMATCH")),"") | P41: =IFERROR(SEARCH("COMMENTS TO BE ADDRESS",$I41),0) -> 0 | Q41: =IFERROR(SEARCH("Pending Documentation",$H41),0) -> 0 | R41: =IFERROR(SEARCH("equirements of this part will be v",$I41),0) -> 0 | S41: =IFERROR(SEARCH("Pending On",$H41),0) -> 0 | T41: =IFERROR(SEARCH("This Part has no",$I41),0) -> 0 | U41: =IFERROR(SEARCH("Anticipated",$H41),0) -> 0 | V41: =IFERROR(SEARCH("This Part has not been attempted.",$I41),IFERROR(SEARCH("Not Attempted",$I41),0)) -> 0 | W41: =IFERROR(SEARCH("Not Attempted",$H41),0) -> 0
L42: =IF(OR(Overview!$D$4="Preliminary Documentation Review",Overview!$D$4="Preliminary Precertification Review"),IF(AND(P42=0,Q42=0),"",IF(AND(P42>0,Q42>0),"","MISMATCH")),"") | M42: =IF(OR(Overview!$D$4="Preliminary Documentation Review",Overview!$D$4="Preliminary Precertification Review"),IF(AND(R42=0,S42=0),"",IF(AND(R42>0,S42>0),"","MISMATCH")),"") | N42: =IF(OR(Overview!$D$4="Preliminary Documentation Review",Overview!$D$4="Preliminary Precertification Review"),IF(AND(T42=0,U42=0),"",IF(AND(T42>0,U42>0),"MISMATCH","")),"") | O42: =IF(OR(Overview!$D$4="Preliminary Documentation Review",Overview!$D$4="Preliminary Precertification Review"),IF(AND(V42=0,W42=0),"",IF(AND(V42>0,W42>0),"","MISMATCH")),"") | P42: =IFERROR(SEARCH("COMMENTS TO BE ADDRESS",$I42),0) -> 0 | Q42: =IFERROR(SEARCH("Pending Documentation",$H42),0) -> 0 | R42: =IFERROR(SEARCH("equirements of this part will be v",$I42),0) -> 0 | S42: =IFERROR(SEARCH("Pending On",$H42),0) -> 0 | T42: =IFERROR(SEARCH("This Part has no",$I42),0) -> 0 | U42: =IFERROR(SEARCH("Anticipated",$H42),0) -> 0 | V42: =IFERROR(SEARCH("This Part has not been attempted.",$I42),IFERROR(SEARCH("Not Attempted",$I42),0)) -> 0 | W42: =IFERROR(SEARCH("Not Attempted",$H42),0) -> 0
L43: =IF(OR(Overview!$D$4="Preliminary Documentation Review",Overview!$D$4="Preliminary Precertification Review"),IF(AND(P43=0,Q43=0),"",IF(AND(P43>0,Q43>0),"","MISMATCH")),"") | M43: =IF(OR(Overview!$D$4="Preliminary Documentation Review",Overview!$D$4="Preliminary Precertification Review"),IF(AND(R43=0,S43=0),"",IF(AND(R43>0,S43>0),"","MISMATCH")),"") | N43: =IF(OR(Overview!$D$4="Preliminary Documentation Review",Overview!$D$4="Preliminary Precertification Review"),IF(AND(T43=0,U43=0),"",IF(AND(T43>0,U43>0),"MISMATCH","")),"") | O43: =IF(OR(Overview!$D$4="Preliminary Documentation Review",Overview!$D$4="Preliminary Precertification Review"),IF(AND(V43=0,W43=0),"",IF(AND(V43>0,W43>0),"","MISMATCH")),"") | T43: =IFERROR(SEARCH("This Part has no",$I43),0) -> 0 | U43: =IFERROR(SEARCH("Anticipated",$H43),0) -> 0 | V43: =IFERROR(SEARCH("This Part has not been attempted.",$I43),IFERROR(SEARCH("Not Attempted",$I43),0)) -> 0 | W43: =IFERROR(SEARCH("Not Attempted",$H43),0) -> 0
C44: Water General Observations: | L44: =IF(OR(Overview!$D$4="Preliminary Documentation Review",Overview!$D$4="Preliminary Precertification Review"),IF(AND(P44=0,Q44=0),"",IF(AND(P44>0,Q44>0),"","MISMATCH")),"") | M44: =IF(OR(Overview!$D$4="Preliminary Documentation Review",Overview!$D$4="Preliminary Precertification Review"),IF(AND(R44=0,S44=0),"",IF(AND(R44>0,S44>0),"","MISMATCH")),"") | N44: =IF(OR(Overview!$D$4="Preliminary Documentation Review",Overview!$D$4="Preliminary Precertification Review"),IF(AND(T44=0,U44=0),"",IF(AND(T44>0,U44>0),"MISMATCH","")),"") | O44: =IF(OR(Overview!$D$4="Preliminary Documentation Review",Overview!$D$4="Preliminary Precertification Review"),IF(AND(V44=0,W44=0),"",IF(AND(V44>0,W44>0),"","MISMATCH")),"") | T44: =IFERROR(SEARCH("This Part has no",$I44),0) -> 0 | U44: =IFERROR(SEARCH("Anticipated",$H44),0) -> 0 | V44: =IFERROR(SEARCH("This Part has not been attempted.",$I44),IFERROR(SEARCH("Not Attempted",$I44),0)) -> 0 | W44: =IFERROR(SEARCH("Not Attempted",$H44),0) -> 0
L45: =IF(OR(Overview!$D$4="Preliminary Documentation Review",Overview!$D$4="Preliminary Precertification Review"),IF(AND(P45=0,Q45=0),"",IF(AND(P45>0,Q45>0),"","MISMATCH")),"") | M45: =IF(OR(Overview!$D$4="Preliminary Documentation Review",Overview!$D$4="Preliminary Precertification Review"),IF(AND(R45=0,S45=0),"",IF(AND(R45>0,S45>0),"","MISMATCH")),"") | N45: =IF(OR(Overview!$D$4="Preliminary Documentation Review",Overview!$D$4="Preliminary Precertification Review"),IF(AND(T45=0,U45=0),"",IF(AND(T45>0,U45>0),"MISMATCH","")),"") | O45: =IF(OR(Overview!$D$4="Preliminary Documentation Review",Overview!$D$4="Preliminary Precertification Review"),IF(AND(V45=0,W45=0),"",IF(AND(V45>0,W45>0),"","MISMATCH")),"") | T45: =IFERROR(SEARCH("This Part has no",$I45),0) -> 0 | U45: =IFERROR(SEARCH("Anticipated",$H45),0) -> 0 | V45: =IFERROR(SEARCH("This Part has not been attempted.",$I45),IFERROR(SEARCH("Not Attempted",$I45),0)) -> 0 | W45: =IFERROR(SEARCH("Not Attempted",$H45),0) -> 0
B46: WATER | C46: P | D46: W01. Fundamental Water Quality | E46: W01.1 Meet Sediment Thresholds | G46: Required | H46: Achieved | I46: PRELIMINARY PERFORMANCE REVIEW: The on-site assessment results have been provided and confirm compliance. See Appendix A for the performance testing data for this part. PRELIMINARY DOCUMENTATION REVIEW: This part has no required documentation. Requirements of this part will be verified through on-site assessment during your Performance Verification. | L46: =IF(OR(Overview!$D$4="Preliminary Documentation Review",Overview!$D$4="Preliminary Precertification Review"),IF(AND(P46=0,Q46=0),"",IF(AND(P46>0,Q46>0),"","MISMATCH")),"") | M46: =IF(OR(Overview!$D$4="Preliminary Documentation Review",Overview!$D$4="Preliminary Precertification Review"),IF(AND(R46=0,S46=0),"",IF(AND(R46>0,S46>0),"","MISMATCH")),"") | N46: =IF(OR(Overview!$D$4="Preliminary Documentation Review",Overview!$D$4="Preliminary Precertification Review"),IF(AND(T46=0,U46=0),"",IF(AND(T46>0,U46>0),"MISMATCH","")),"") | O46: =IF(OR(Overview!$D$4="Preliminary Documentation Review",Overview!$D$4="Preliminary Precertification Review"),IF(AND(V46=0,W46=0),"",IF(AND(V46>0,W46>0),"","MISMATCH")),"") | P46: =IFERROR(SEARCH("COMMENTS TO BE ADDRESS",$I46),0) -> 0 | Q46: =IFERROR(SEARCH("Pending Documentation",$H46),0) -> 0 | R46: =IFERROR(SEARCH("equirements of this part will be v",$I46),0) -> 248 | S46: =IFERROR(SEARCH("Pending On",$H46),0) -> 0 | T46: =IFERROR(SEARCH("This Part has no",$I46),0) -> 205 | U46: =IFERROR(SEARCH("Anticipated",$H46),0) -> 0 | V46: =IFERROR(SEARCH("This Part has not been attempted.",$I46),IFERROR(SEARCH("Not Attempted",$I46),0)) -> 0 | W46: =IFERROR(SEARCH("Not Attempted",$H46),0) -> 0
E47: W01.2 Meet Microorganisms Thresholds | G47: Required | H47: Achieved | I47: PRELIMINARY PERFORMANCE REVIEW: The on-site assessment results have been provided and confirm compliance. See Appendix A for the performance testing data for this part. PRELIMINARY DOCUMENTATION REVIEW: This part has no required documentation. Requirements of this part will be verified through on-site assessment during your Performance Verification. | L47: =IF(OR(Overview!$D$4="Preliminary Documentation Review",Overview!$D$4="Preliminary Precertification Review"),IF(AND(P47=0,Q47=0),"",IF(AND(P47>0,Q47>0),"","MISMATCH")),"") | M47: =IF(OR(Overview!$D$4="Preliminary Documentation Review",Overview!$D$4="Preliminary Precertification Review"),IF(AND(R47=0,S47=0),"",IF(AND(R47>0,S47>0),"","MISMATCH")),"") | N47: =IF(OR(Overview!$D$4="Preliminary Documentation Review",Overview!$D$4="Preliminary Precertification Review"),IF(AND(T47=0,U47=0),"",IF(AND(T47>0,U47>0),"MISMATCH","")),"") | O47: =IF(OR(Overview!$D$4="Preliminary Documentation Review",Overview!$D$4="Preliminary Precertification Review"),IF(AND(V47=0,W47=0),"",IF(AND(V47>0,W47>0),"","MISMATCH")),"") | P47: =IFERROR(SEARCH("COMMENTS TO BE ADDRESS",$I47),0) -> 0 | Q47: =IFERROR(SEARCH("Pending Documentation",$H47),0) -> 0 | R47: =IFERROR(SEARCH("equirements of this part will be v",$I47),0) -> 248 | S47: =IFERROR(SEARCH("Pending On",$H47),0) -> 0 | T47: =IFERROR(SEARCH("This Part has no",$I47),0) -> 205 | U47: =IFERROR(SEARCH("Anticipated",$H47),0) -> 0 | V47: =IFERROR(SEARCH("This Part has not been attempted.",$I47),IFERROR(SEARCH("Not Attempted",$I47),0)) -> 0 | W47: =IFERROR(SEARCH("Not Attempted",$H47),0) -> 0
E48: W01.3 Monitor Fundamental Water Parameters | G48: Required | H48: Achieved | I48: PRELIMINARY PERFORMANCE REVIEW: The on-site assessment results have been provided and confirm compliance PRELIMINARY DOCUMENTATION REVIEW: This part has no required documentation. Note the following. I. This part is dependent on achieving at least one point under Feature W05: Water Quality Consistency. | L48: =IF(OR(Overview!$D$4="Preliminary Documentation Review",Overview!$D$4="Preliminary Precertification Review"),IF(AND(P48=0,Q48=0),"",IF(AND(P48>0,Q48>0),"","MISMATCH")),"") | M48: =IF(OR(Overview!$D$4="Preliminary Documentation Review",Overview!$D$4="Preliminary Precertification Review"),IF(AND(R48=0,S48=0),"",IF(AND(R48>0,S48>0),"","MISMATCH")),"") | N48: =IF(OR(Overview!$D$4="Preliminary Documentation Review",Overview!$D$4="Preliminary Precertification Review"),IF(AND(T48=0,U48=0),"",IF(AND(T48>0,U48>0),"MISMATCH","")),"") | O48: =IF(OR(Overview!$D$4="Preliminary Documentation Review",Overview!$D$4="Preliminary Precertification Review"),IF(AND(V48=0,W48=0),"",IF(AND(V48>0,W48>0),"","MISMATCH")),"") | P48: =IFERROR(SEARCH("COMMENTS TO BE ADDRESS",$I48),0) -> 0 | Q48: =IFERROR(SEARCH("Pending Documentation",$H48),0) -> 0 | R48: =IFERROR(SEARCH("equirements of this part will be v",$I48),0) -> 0 | S48: =IFERROR(SEARCH("Pending On",$H48),0) -> 0 | T48: =IFERROR(SEARCH("This Part has no",$I48),0) -> 141 | U48: =IFERROR(SEARCH("Anticipated",$H48),0) -> 0 | V48: =IFERROR(SEARCH("This Part has not been attempted.",$I48),IFERROR(SEARCH("Not Attempted",$I48),0)) -> 0 | W48: =IFERROR(SEARCH("Not Attempted",$H48),0) -> 0
C49: P | D49: W02. Water Contaminants | E49: W02.1 Meet Dissolved Metal Thresholds | G49: Required | H49: Achieved | I49: PRELIMINARY PERFORMANCE REVIEW: The on-site assessment results have been provided and confirm compliance. See Appendix A for the performance testing data for this part. PRELIMINARY DOCUMENTATION REVIEW: This part has no required documentation. Requirements of this part will be verified through on-site assessment during your Performance Verification. | L49: =IF(OR(Overview!$D$4="Preliminary Documentation Review",Overview!$D$4="Preliminary Precertification Review"),IF(AND(P49=0,Q49=0),"",IF(AND(P49>0,Q49>0),"","MISMATCH")),"") | M49: =IF(OR(Overview!$D$4="Preliminary Documentation Review",Overview!$D$4="Preliminary Precertification Review"),IF(AND(R49=0,S49=0),"",IF(AND(R49>0,S49>0),"","MISMATCH")),"") | N49: =IF(OR(Overview!$D$4="Preliminary Documentation Review",Overview!$D$4="Preliminary Precertification Review"),IF(AND(T49=0,U49=0),"",IF(AND(T49>0,U49>0),"MISMATCH","")),"") | O49: =IF(OR(Overview!$D$4="Preliminary Documentation Review",Overview!$D$4="Preliminary Precertification Review"),IF(AND(V49=0,W49=0),"",IF(AND(V49>0,W49>0),"","MISMATCH")),"") | P49: =IFERROR(SEARCH("COMMENTS TO BE ADDRESS",$I49),0) -> 0 | Q49: =IFERROR(SEARCH("Pending Documentation",$H49),0) -> 0 | R49: =IFERROR(SEARCH("equirements of this part will be v",$I49),0) -> 248 | S49: =IFERROR(SEARCH("Pending On",$H49),0) -> 0 | T49: =IFERROR(SEARCH("This Part has no",$I49),0) -> 205 | U49: =IFERROR(SEARCH("Anticipated",$H49),0) -> 0 | V49: =IFERROR(SEARCH("This Part has not been attempted.",$I49),IFERROR(SEARCH("Not Attempted",$I49),0)) -> 0 | W49: =IFERROR(SEARCH("Not Attempted",$H49),0) -> 0
E50: W02.2 Meet Organic Pollutant Thresholds | G50: Required | H50: Achieved | I50: PRELIMINARY PERFORMANCE REVIEW: The on-site assessment results have been provided and confirm compliance. See Appendix A for the performance testing data for this part. PRELIMINARY DOCUMENTATION REVIEW: This part has no required documentation. Requirements of this part will be verified through on-site assessment during your Performance Verification. | L50: =IF(OR(Overview!$D$4="Preliminary Documentation Review",Overview!$D$4="Preliminary Precertification Review"),IF(AND(P50=0,Q50=0),"",IF(AND(P50>0,Q50>0),"","MISMATCH")),"") | M50: =IF(OR(Overview!$D$4="Preliminary Documentation Review",Overview!$D$4="Preliminary Precertification Review"),IF(AND(R50=0,S50=0),"",IF(AND(R50>0,S50>0),"","MISMATCH")),"") | N50: =IF(OR(Overview!$D$4="Preliminary Documentation Review",Overview!$D$4="Preliminary Precertification Review"),IF(AND(T50=0,U50=0),"",IF(AND(T50>0,U50>0),"MISMATCH","")),"") | O50: =IF(OR(Overview!$D$4="Preliminary Documentation Review",Overview!$D$4="Preliminary Precertification Review"),IF(AND(V50=0,W50=0),"",IF(AND(V50>0,W50>0),"","MISMATCH")),"") | P50: =IFERROR(SEARCH("COMMENTS TO BE ADDRESS",$I50),0) -> 0 | Q50: =IFERROR(SEARCH("Pending Documentation",$H50),0) -> 0 | R50: =IFERROR(SEARCH("equirements of this part will be v",$I50),0) -> 248 | S50: =IFERROR(SEARCH("Pending On",$H50),0) -> 0 | T50: =IFERROR(SEARCH("This Part has no",$I50),0) -> 205 | U50: =IFERROR(SEARCH("Anticipated",$H50),0) -> 0 | V50: =IFERROR(SEARCH("This Part has not been attempted.",$I50),IFERROR(SEARCH("Not Attempted",$I50),0)) -> 0 | W50: =IFERROR(SEARCH("Not Attempted",$H50),0) -> 0
E51: W02.3 Meet Disinfectant Byproducts Thresholds | G51: Required | H51: Achieved | I51: FINAL PERFORMANCE REVIEW: The on-site assessment results have been provided and confirm compliance. See Appendix A for the performance testing data for this part. PRELIMINARY PERFORMANCE REVIEW: The on-site assessment results have been provided. See Appendix A for the performance testing data for this part. However, to demonstrate compliance, the following must be addressed. COMMENTS TO BE ADDRESSED 1. While AAP 00093 has been applied, it is unclear if the Performance Testing Agent has provided evidence advocating that each laboratory seek ILAC Accreditation for each individual contaminant. Provide evidence (e.g. email or letter of request between the team and the laboratory), annotated in English, that demonstrates advocacy for ILAC accreditation. PRELIMINARY DOCUMENTATION REVIEW: This part has no required documentation. Requirements of this part will be verified through on-site assessment during your Performance Verification. | L51: =IF(OR(Overview!$D$4="Preliminary Documentation Review",Overview!$D$4="Preliminary Precertification Review"),IF(AND(P51=0,Q51=0),"",IF(AND(P51>0,Q51>0),"","MISMATCH")),"") | M51: =IF(OR(Overview!$D$4="Preliminary Documentation Review",Overview!$D$4="Preliminary Precertification Review"),IF(AND(R51=0,S51=0),"",IF(AND(R51>0,S51>0),"","MISMATCH")),"") | N51: =IF(OR(Overview!$D$4="Preliminary Documentation Review",Overview!$D$4="Preliminary Precertification Review"),IF(AND(T51=0,U51=0),"",IF(AND(T51>0,U51>0),"MISMATCH","")),"") | O51: =IF(OR(Overview!$D$4="Preliminary Documentation Review",Overview!$D$4="Preliminary Precertification Review"),IF(AND(V51=0,W51=0),"",IF(AND(V51>0,W51>0),"","MISMATCH")),"") | P51: =IFERROR(SEARCH("COMMENTS TO BE ADDRESS",$I51),0) -> 381 | Q51: =IFERROR(SEARCH("Pending Documentation",$H51),0) -> 0 | R51: =IFERROR(SEARCH("equirements of this part will be v",$I51),0) -> 840 | S51: =IFERROR(SEARCH("Pending On",$H51),0) -> 0 | T51: =IFERROR(SEARCH("This Part has no",$I51),0) -> 797 | U51: =IFERROR(SEARCH("Anticipated",$H51),0) -> 0 | V51: =IFERROR(SEARCH("This Part has not been attempted.",$I51),IFERROR(SEARCH("Not Attempted",$I51),0)) -> 0 | W51: =IFERROR(SEARCH("Not Attempted",$H51),0) -> 0
E52: W02.4 Meet Herbicide and Pesticide Thresholds | G52: Required | H52: Achieved | I52: FINAL PERFORMANCE REVIEW: The on-site assessment results have been provided and confirm compliance. See Appendix A for the performance testing data for this part. PRELIMINARY PERFORMANCE REVIEW: The on-site assessment results have been provided. See Appendix A for the performance testing data for this part. However, to demonstrate compliance, the following must be addressed. COMMENTS TO BE ADDRESSED 1. While AAP 00093 has been applied, it is unclear if the Performance Testing Agent has provided evidence advocating that each laboratory seek ILAC Accreditation for each individual contaminant. Provide evidence (e.g. email or letter of request between the team and the laboratory), annotated in English, that demonstrates advocacy for ILAC accreditation. PRELIMINARY DOCUMENTATION REVIEW: This part has no required documentation. Requirements of this part will be verified through on-site assessment during your Performance Verification. | L52: =IF(OR(Overview!$D$4="Preliminary Documentation Review",Overview!$D$4="Preliminary Precertification Review"),IF(AND(P52=0,Q52=0),"",IF(AND(P52>0,Q52>0),"","MISMATCH")),"") | M52: =IF(OR(Overview!$D$4="Preliminary Documentation Review",Overview!$D$4="Preliminary Precertification Review"),IF(AND(R52=0,S52=0),"",IF(AND(R52>0,S52>0),"","MISMATCH")),"") | N52: =IF(OR(Overview!$D$4="Preliminary Documentation Review",Overview!$D$4="Preliminary Precertification Review"),IF(AND(T52=0,U52=0),"",IF(AND(T52>0,U52>0),"MISMATCH","")),"") | O52: =IF(OR(Overview!$D$4="Preliminary Documentation Review",Overview!$D$4="Preliminary Precertification Review"),IF(AND(V52=0,W52=0),"",IF(AND(V52>0,W52>0),"","MISMATCH")),"") | P52: =IFERROR(SEARCH("COMMENTS TO BE ADDRESS",$I52),0) -> 381 | Q52: =IFERROR(SEARCH("Pending Documentation",$H52),0) -> 0 | R52: =IFERROR(SEARCH("equirements of this part will be v",$I52),0) -> 840 | S52: =IFERROR(SEARCH("Pending On",$H52),0) -> 0 | T52: =IFERROR(SEARCH("This Part has no",$I52),0) -> 797 | U52: =IFERROR(SEARCH("Anticipated",$H52),0) -> 0 | V52: =IFERROR(SEARCH("This Part has not been attempted.",$I52),IFERROR(SEARCH("Not Attempted",$I52),0)) -> 0 | W52: =IFERROR(SEARCH("Not Attempted",$H52),0) -> 0
E53: W02.5 Meet Fertilizer Thresholds | G53: Required | H53: Achieved | I53: PRELIMINARY PERFORMANCE REVIEW: The on-site assessment results have been provided and confirm compliance. See Appendix A for the performance testing data for this part. PRELIMINARY DOCUMENTATION REVIEW: This part has no required documentation. Requirements of this part will be verified through on-site assessment during your Performance Verification. | L53: =IF(OR(Overview!$D$4="Preliminary Documentation Review",Overview!$D$4="Preliminary Precertification Review"),IF(AND(P53=0,Q53=0),"",IF(AND(P53>0,Q53>0),"","MISMATCH")),"") | M53: =IF(OR(Overview!$D$4="Preliminary Documentation Review",Overview!$D$4="Preliminary Precertification Review"),IF(AND(R53=0,S53=0),"",IF(AND(R53>0,S53>0),"","MISMATCH")),"") | N53: =IF(OR(Overview!$D$4="Preliminary Documentation Review",Overview!$D$4="Preliminary Precertification Review"),IF(AND(T53=0,U53=0),"",IF(AND(T53>0,U53>0),"MISMATCH","")),"") | O53: =IF(OR(Overview!$D$4="Preliminary Documentation Review",Overview!$D$4="Preliminary Precertification Review"),IF(AND(V53=0,W53=0),"",IF(AND(V53>0,W53>0),"","MISMATCH")),"") | P53: =IFERROR(SEARCH("COMMENTS TO BE ADDRESS",$I53),0) -> 0 | Q53: =IFERROR(SEARCH("Pending Documentation",$H53),0) -> 0 | R53: =IFERROR(SEARCH("equirements of this part will be v",$I53),0) -> 248 | S53: =IFERROR(SEARCH("Pending On",$H53),0) -> 0 | T53: =IFERROR(SEARCH("This Part has no",$I53),0) -> 205 | U53: =IFERROR(SEARCH("Anticipated",$H53),0) -> 0 | V53: =IFERROR(SEARCH("This Part has not been attempted.",$I53),IFERROR(SEARCH("Not Attempted",$I53),0)) -> 0 | W53: =IFERROR(SEARCH("Not Attempted",$H53),0) -> 0
E54: W02.6 Meet Public Water Additive Thresholds | G54: Required | H54: Achieved | I54: PRELIMINARY PERFORMANCE REVIEW: The on-site assessment results have been provided and confirm compliance. See Appendix A for the performance testing data for this part. PRELIMINARY DOCUMENTATION REVIEW: This part has no required documentation. Requirements of this part will be verified through on-site assessment during your Performance Verification. | L54: =IF(OR(Overview!$D$4="Preliminary Documentation Review",Overview!$D$4="Preliminary Precertification Review"),IF(AND(P54=0,Q54=0),"",IF(AND(P54>0,Q54>0),"","MISMATCH")),"") | M54: =IF(OR(Overview!$D$4="Preliminary Documentation Review",Overview!$D$4="Preliminary Precertification Review"),IF(AND(R54=0,S54=0),"",IF(AND(R54>0,S54>0),"","MISMATCH")),"") | N54: =IF(OR(Overview!$D$4="Preliminary Documentation Review",Overview!$D$4="Preliminary Precertification Review"),IF(AND(T54=0,U54=0),"",IF(AND(T54>0,U54>0),"MISMATCH","")),"") | O54: =IF(OR(Overview!$D$4="Preliminary Documentation Review",Overview!$D$4="Preliminary Precertification Review"),IF(AND(V54=0,W54=0),"",IF(AND(V54>0,W54>0),"","MISMATCH")),"") | P54: =IFERROR(SEARCH("COMMENTS TO BE ADDRESS",$I54),0) -> 0 | Q54: =IFERROR(SEARCH("Pending Documentation",$H54),0) -> 0 | R54: =IFERROR(SEARCH("equirements of this part will be v",$I54),0) -> 248 | S54: =IFERROR(SEARCH("Pending On",$H54),0) -> 0 | T54: =IFERROR(SEARCH("This Part has no",$I54),0) -> 205 | U54: =IFERROR(SEARCH("Anticipated",$H54),0) -> 0 | V54: =IFERROR(SEARCH("This Part has not been attempted.",$I54),IFERROR(SEARCH("Not Attempted",$I54),0)) -> 0 | W54: =IFERROR(SEARCH("Not Attempted",$H54),0) -> 0
E55: W02.7 Monitor Water Contaminant Parameters | G55: Required | H55: Achieved | I55: PRELIMINARY PERFORMANCE REVIEW: The on-site assessment results have been provided and confirm compliance PRELIMINARY DOCUMENTATION REVIEW: This part has no required documentation. Note the following. I. This part is dependent on achieving at least one point under Feature W05: Water Quality Consistency. | L55: =IF(OR(Overview!$D$4="Preliminary Documentation Review",Overview!$D$4="Preliminary Precertification Review"),IF(AND(P55=0,Q55=0),"",IF(AND(P55>0,Q55>0),"","MISMATCH")),"") | M55: =IF(OR(Overview!$D$4="Preliminary Documentation Review",Overview!$D$4="Preliminary Precertification Review"),IF(AND(R55=0,S55=0),"",IF(AND(R55>0,S55>0),"","MISMATCH")),"") | N55: =IF(OR(Overview!$D$4="Preliminary Documentation Review",Overview!$D$4="Preliminary Precertification Review"),IF(AND(T55=0,U55=0),"",IF(AND(T55>0,U55>0),"MISMATCH","")),"") | O55: =IF(OR(Overview!$D$4="Preliminary Documentation Review",Overview!$D$4="Preliminary Precertification Review"),IF(AND(V55=0,W55=0),"",IF(AND(V55>0,W55>0),"","MISMATCH")),"") | P55: =IFERROR(SEARCH("COMMENTS TO BE ADDRESS",$I55),0) -> 0 | Q55: =IFERROR(SEARCH("Pending Documentation",$H55),0) -> 0 | R55: =IFERROR(SEARCH("equirements of this part will be v",$I55),0) -> 0 | S55: =IFERROR(SEARCH("Pending On",$H55),0) -> 0 | T55: =IFERROR(SEARCH("This Part has no",$I55),0) -> 141 | U55: =IFERROR(SEARCH("Anticipated",$H55),0) -> 0 | V55: =IFERROR(SEARCH("This Part has not been attempted.",$I55),IFERROR(SEARCH("Not Attempted",$I55),0)) -> 0 | W55: =IFERROR(SEARCH("Not Attempted",$H55),0) -> 0
C56: P | D56: W03. Legionella Control | E56: W03.1 Implement Legionella Management Plan | G56: Required | H56: Achieved | I56: PRELIMINARY DOCUMENTATION REVIEW: Documentation has been provided. | L56: =IF(OR(Overview!$D$4="Preliminary Documentation Review",Overview!$D$4="Preliminary Precertification Review"),IF(AND(P56=0,Q56=0),"",IF(AND(P56>0,Q56>0),"","MISMATCH")),"") | M56: =IF(OR(Overview!$D$4="Preliminary Documentation Review",Overview!$D$4="Preliminary Precertification Review"),IF(AND(R56=0,S56=0),"",IF(AND(R56>0,S56>0),"","MISMATCH")),"") | N56: =IF(OR(Overview!$D$4="Preliminary Documentation Review",Overview!$D$4="Preliminary Precertification Review"),IF(AND(T56=0,U56=0),"",IF(AND(T56>0,U56>0),"MISMATCH","")),"") | O56: =IF(OR(Overview!$D$4="Preliminary Documentation Review",Overview!$D$4="Preliminary Precertification Review"),IF(AND(V56=0,W56=0),"",IF(AND(V56>0,W56>0),"","MISMATCH")),"") | P56: =IFERROR(SEARCH("COMMENTS TO BE ADDRESS",$I56),0) -> 0 | Q56: =IFERROR(SEARCH("Pending Documentation",$H56),0) -> 0 | R56: =IFERROR(SEARCH("equirements of this part will be v",$I56),0) -> 0 | S56: =IFERROR(SEARCH("Pending On",$H56),0) -> 0 | T56: =IFERROR(SEARCH("This Part has no",$I56),0) -> 0 | U56: =IFERROR(SEARCH("Anticipated",$H56),0) -> 0 | V56: =IFERROR(SEARCH("This Part has not been attempted.",$I56),IFERROR(SEARCH("Not Attempted",$I56),0)) -> 0 | W56: =IFERROR(SEARCH("Not Attempted",$H56),0) -> 0
C57: O | D57: W04. Enhanced Water Quality | E57: W04.1 / 1 Point Meet Drinking Water Taste Properties | F57: 1 | G57: Yes | H57: Achieved | I57: PRELIMINARY PERFORMANCE REVIEW: The on-site assessment results have been provided and confirm compliance. See Appendix A for the performance testing data for this part. PRELIMINARY DOCUMENTATION REVIEW: This part has no required documentation. Requirements of this part will be verified through on-site assessment during your Performance Verification. | L57: =IF(OR(Overview!$D$4="Preliminary Documentation Review",Overview!$D$4="Preliminary Precertification Review"),IF(AND(P57=0,Q57=0),"",IF(AND(P57>0,Q57>0),"","MISMATCH")),"") | M57: =IF(OR(Overview!$D$4="Preliminary Documentation Review",Overview!$D$4="Preliminary Precertification Review"),IF(AND(R57=0,S57=0),"",IF(AND(R57>0,S57>0),"","MISMATCH")),"") | N57: =IF(OR(Overview!$D$4="Preliminary Documentation Review",Overview!$D$4="Preliminary Precertification Review"),IF(AND(T57=0,U57=0),"",IF(AND(T57>0,U57>0),"MISMATCH","")),"") | O57: =IF(OR(Overview!$D$4="Preliminary Documentation Review",Overview!$D$4="Preliminary Precertification Review"),IF(AND(V57=0,W57=0),"",IF(AND(V57>0,W57>0),"","MISMATCH")),"") | P57: =IFERROR(SEARCH("COMMENTS TO BE ADDRESS",$I57),0) -> 0 | Q57: =IFERROR(SEARCH("Pending Documentation",$H57),0) -> 0 | R57: =IFERROR(SEARCH("equirements of this part will be v",$I57),0) -> 248 | S57: =IFERROR(SEARCH("Pending On",$H57),0) -> 0 | T57: =IFERROR(SEARCH("This Part has no",$I57),0) -> 205 | U57: =IFERROR(SEARCH("Anticipated",$H57),0) -> 0 | V57: =IFERROR(SEARCH("This Part has not been attempted.",$I57),IFERROR(SEARCH("Not Attempted",$I57),0)) -> 0 | W57: =IFERROR(SEARCH("Not Attempted",$H57),0) -> 0
C58: O | D58: W05. Water Quality Consistency | E58: W05.1 / 1 Point Test and Display Water Quality | F58: 1 | G58: Yes | H58: Achieved | I58: PRELIMINARY PERFORMANCE REVIEW: The on-site assessment results have been provided and confirm compliance. PRELIMINARY DOCUMENTATION REVIEW: Documentation has been provided. Requirements of this part will be verified through on-site assessment during your Performance Verification. Note the following. I. Ensure that water testing records will be provided through WELL Online annually. | L58: =IF(OR(Overview!$D$4="Preliminary Documentation Review",Overview!$D$4="Preliminary Precertification Review"),IF(AND(P58=0,Q58=0),"",IF(AND(P58>0,Q58>0),"","MISMATCH")),"") | M58: =IF(OR(Overview!$D$4="Preliminary Documentation Review",Overview!$D$4="Preliminary Precertification Review"),IF(AND(R58=0,S58=0),"",IF(AND(R58>0,S58>0),"","MISMATCH")),"") | N58: =IF(OR(Overview!$D$4="Preliminary Documentation Review",Overview!$D$4="Preliminary Precertification Review"),IF(AND(T58=0,U58=0),"",IF(AND(T58>0,U58>0),"MISMATCH","")),"") | O58: =IF(OR(Overview!$D$4="Preliminary Documentation Review",Overview!$D$4="Preliminary Precertification Review"),IF(AND(V58=0,W58=0),"",IF(AND(V58>0,W58>0),"","MISMATCH")),"") | P58: =IFERROR(SEARCH("COMMENTS TO BE ADDRESS",$I58),0) -> 0 | Q58: =IFERROR(SEARCH("Pending Documentation",$H58),0) -> 0 | R58: =IFERROR(SEARCH("equirements of this part will be v",$I58),0) -> 178 | S58: =IFERROR(SEARCH("Pending On",$H58),0) -> 0 | T58: =IFERROR(SEARCH("This Part has no",$I58),0) -> 0 | U58: =IFERROR(SEARCH("Anticipated",$H58),0) -> 0 | V58: =IFERROR(SEARCH("This Part has not been attempted.",$I58),IFERROR(SEARCH("Not Attempted",$I58),0)) -> 0 | W58: =IFERROR(SEARCH("Not Attempted",$H58),0) -> 0
E59: W05.2 / 1 Point Filter Drinking Water | F59: 1 | G59: Yes | H59: Achieved | I59: PRELIMINARY PERFORMANCE REVIEW: The on-site assessment results have been provided and confirm compliance. PRELIMINARY DOCUMENTATION REVIEW: Documentation has been provided. Requirements of this part will be verified through on-site assessment during your Performance Verification. Note the following. I. Ensure that water treatment device maintenance records will be provided through WELL Online annually. | L59: =IF(OR(Overview!$D$4="Preliminary Documentation Review",Overview!$D$4="Preliminary Precertification Review"),IF(AND(P59=0,Q59=0),"",IF(AND(P59>0,Q59>0),"","MISMATCH")),"") | M59: =IF(OR(Overview!$D$4="Preliminary Documentation Review",Overview!$D$4="Preliminary Precertification Review"),IF(AND(R59=0,S59=0),"",IF(AND(R59>0,S59>0),"","MISMATCH")),"") | N59: =IF(OR(Overview!$D$4="Preliminary Documentation Review",Overview!$D$4="Preliminary Precertification Review"),IF(AND(T59=0,U59=0),"",IF(AND(T59>0,U59>0),"MISMATCH","")),"") | O59: =IF(OR(Overview!$D$4="Preliminary Documentation Review",Overview!$D$4="Preliminary Precertification Review"),IF(AND(V59=0,W59=0),"",IF(AND(V59>0,W59>0),"","MISMATCH")),"") | P59: =IFERROR(SEARCH("COMMENTS TO BE ADDRESS",$I59),0) -> 0 | Q59: =IFERROR(SEARCH("Pending Documentation",$H59),0) -> 0 | R59: =IFERROR(SEARCH("equirements of this part will be v",$I59),0) -> 178 | S59: =IFERROR(SEARCH("Pending On",$H59),0) -> 0 | T59: =IFERROR(SEARCH("This Part has no",$I59),0) -> 0 | U59: =IFERROR(SEARCH("Anticipated",$H59),0) -> 0 | V59: =IFERROR(SEARCH("This Part has not been attempted.",$I59),IFERROR(SEARCH("Not Attempted",$I59),0)) -> 0 | W59: =IFERROR(SEARCH("Not Attempted",$H59),0) -> 0
C60: O | D60: W06. Drinking Water Promotion | E60: W06.1 / 1 Point Ensure Drinking Water Access | F60: 1 | G60: Yes | H60: Achieved | I60: PRELIMINARY DOCUMENTATION REVIEW: Documentation has been provided. | L60: =IF(OR(Overview!$D$4="Preliminary Documentation Review",Overview!$D$4="Preliminary Precertification Review"),IF(AND(P60=0,Q60=0),"",IF(AND(P60>0,Q60>0),"","MISMATCH")),"") | M60: =IF(OR(Overview!$D$4="Preliminary Documentation Review",Overview!$D$4="Preliminary Precertification Review"),IF(AND(R60=0,S60=0),"",IF(AND(R60>0,S60>0),"","MISMATCH")),"") | N60: =IF(OR(Overview!$D$4="Preliminary Documentation Review",Overview!$D$4="Preliminary Precertification Review"),IF(AND(T60=0,U60=0),"",IF(AND(T60>0,U60>0),"MISMATCH","")),"") | O60: =IF(OR(Overview!$D$4="Preliminary Documentation Review",Overview!$D$4="Preliminary Precertification Review"),IF(AND(V60=0,W60=0),"",IF(AND(V60>0,W60>0),"","MISMATCH")),"") | P60: =IFERROR(SEARCH("COMMENTS TO BE ADDRESS",$I60),0) -> 0 | Q60: =IFERROR(SEARCH("Pending Documentation",$H60),0) -> 0 | R60: =IFERROR(SEARCH("equirements of this part will be v",$I60),0) -> 0 | S60: =IFERROR(SEARCH("Pending On",$H60),0) -> 0 | T60: =IFERROR(SEARCH("This Part has no",$I60),0) -> 0 | U60: =IFERROR(SEARCH("Anticipated",$H60),0) -> 0 | V60: =IFERROR(SEARCH("This Part has not been attempted.",$I60),IFERROR(SEARCH("Not Attempted",$I60),0)) -> 0 | W60: =IFERROR(SEARCH("Not Attempted",$H60),0) -> 0
C61: O | D61: W07. Moisture Management | E61: W07.1 / 1 Point Manage Exterior Liquid Water | F61: 1 | G61: Yes | H61: Achieved | I61: PRELIMINARY DOCUMENTATION REVIEW: Documentation has been provided. | L61: =IF(OR(Overview!$D$4="Preliminary Documentation Review",Overview!$D$4="Preliminary Precertification Review"),IF(AND(P61=0,Q61=0),"",IF(AND(P61>0,Q61>0),"","MISMATCH")),"") | M61: =IF(OR(Overview!$D$4="Preliminary Documentation Review",Overview!$D$4="Preliminary Precertification Review"),IF(AND(R61=0,S61=0),"",IF(AND(R61>0,S61>0),"","MISMATCH")),"") | N61: =IF(OR(Overview!$D$4="Preliminary Documentation Review",Overview!$D$4="Preliminary Precertification Review"),IF(AND(T61=0,U61=0),"",IF(AND(T61>0,U61>0),"MISMATCH","")),"") | O61: =IF(OR(Overview!$D$4="Preliminary Documentation Review",Overview!$D$4="Preliminary Precertification Review"),IF(AND(V61=0,W61=0),"",IF(AND(V61>0,W61>0),"","MISMATCH")),"") | P61: =IFERROR(SEARCH("COMMENTS TO BE ADDRESS",$I61),0) -> 0 | Q61: =IFERROR(SEARCH("Pending Documentation",$H61),0) -> 0 | R61: =IFERROR(SEARCH("equirements of this part will be v",$I61),0) -> 0 | S61: =IFERROR(SEARCH("Pending On",$H61),0) -> 0 | T61: =IFERROR(SEARCH("This Part has no",$I61),0) -> 0 | U61: =IFERROR(SEARCH("Anticipated",$H61),0) -> 0 | V61: =IFERROR(SEARCH("This Part has not been attempted.",$I61),IFERROR(SEARCH("Not Attempted",$I61),0)) -> 0 | W61: =IFERROR(SEARCH("Not Attempted",$H61),0) -> 0
E62: W07.2 / 1 Point Isolate Moisture-sensitive Materials | F62: 1 | G62: Yes | H62: Achieved | I62: PRELIMINARY DOCUMENTATION REVIEW: Documentation has been provided. | L62: =IF(OR(Overview!$D$4="Preliminary Documentation Review",Overview!$D$4="Preliminary Precertification Review"),IF(AND(P62=0,Q62=0),"",IF(AND(P62>0,Q62>0),"","MISMATCH")),"") | M62: =IF(OR(Overview!$D$4="Preliminary Documentation Review",Overview!$D$4="Preliminary Precertification Review"),IF(AND(R62=0,S62=0),"",IF(AND(R62>0,S62>0),"","MISMATCH")),"") | N62: =IF(OR(Overview!$D$4="Preliminary Documentation Review",Overview!$D$4="Preliminary Precertification Review"),IF(AND(T62=0,U62=0),"",IF(AND(T62>0,U62>0),"MISMATCH","")),"") | O62: =IF(OR(Overview!$D$4="Preliminary Documentation Review",Overview!$D$4="Preliminary Precertification Review"),IF(AND(V62=0,W62=0),"",IF(AND(V62>0,W62>0),"","MISMATCH")),"") | P62: =IFERROR(SEARCH("COMMENTS TO BE ADDRESS",$I62),0) -> 0 | Q62: =IFERROR(SEARCH("Pending Documentation",$H62),0) -> 0 | R62: =IFERROR(SEARCH("equirements of this part will be v",$I62),0) -> 0 | S62: =IFERROR(SEARCH("Pending On",$H62),0) -> 0 | T62: =IFERROR(SEARCH("This Part has no",$I62),0) -> 0 | U62: =IFERROR(SEARCH("Anticipated",$H62),0) -> 0 | V62: =IFERROR(SEARCH("This Part has not been attempted.",$I62),IFERROR(SEARCH("Not Attempted",$I62),0)) -> 0 | W62: =IFERROR(SEARCH("Not Attempted",$H62),0) -> 0
E63: W07.3 / 1 Point Manage Interior Liquid Water | F63: 1 | G63: Yes | H63: Achieved | I63: PRELIMINARY DOCUMENTATION REVIEW: Documentation has been provided. | L63: =IF(OR(Overview!$D$4="Preliminary Documentation Review",Overview!$D$4="Preliminary Precertification Review"),IF(AND(P63=0,Q63=0),"",IF(AND(P63>0,Q63>0),"","MISMATCH")),"") | M63: =IF(OR(Overview!$D$4="Preliminary Documentation Review",Overview!$D$4="Preliminary Precertification Review"),IF(AND(R63=0,S63=0),"",IF(AND(R63>0,S63>0),"","MISMATCH")),"") | N63: =IF(OR(Overview!$D$4="Preliminary Documentation Review",Overview!$D$4="Preliminary Precertification Review"),IF(AND(T63=0,U63=0),"",IF(AND(T63>0,U63>0),"MISMATCH","")),"") | O63: =IF(OR(Overview!$D$4="Preliminary Documentation Review",Overview!$D$4="Preliminary Precertification Review"),IF(AND(V63=0,W63=0),"",IF(AND(V63>0,W63>0),"","MISMATCH")),"") | P63: =IFERROR(SEARCH("COMMENTS TO BE ADDRESS",$I63),0) -> 0 | Q63: =IFERROR(SEARCH("Pending Documentation",$H63),0) -> 0 | R63: =IFERROR(SEARCH("equirements of this part will be v",$I63),0) -> 0 | S63: =IFERROR(SEARCH("Pending On",$H63),0) -> 0 | T63: =IFERROR(SEARCH("This Part has no",$I63),0) -> 0 | U63: =IFERROR(SEARCH("Anticipated",$H63),0) -> 0 | V63: =IFERROR(SEARCH("This Part has not been attempted.",$I63),IFERROR(SEARCH("Not Attempted",$I63),0)) -> 0 | W63: =IFERROR(SEARCH("Not Attempted",$H63),0) -> 0
C64: O | D64: W08. Handwashing | E64: W08.1 / 1 Point Provide Adequate Sink | F64: 1 | G64: Yes | H64: Achieved | I64: PRELIMINARY DOCUMENTATION REVIEW: Documentation has been provided. | L64: =IF(OR(Overview!$D$4="Preliminary Documentation Review",Overview!$D$4="Preliminary Precertification Review"),IF(AND(P64=0,Q64=0),"",IF(AND(P64>0,Q64>0),"","MISMATCH")),"") | M64: =IF(OR(Overview!$D$4="Preliminary Documentation Review",Overview!$D$4="Preliminary Precertification Review"),IF(AND(R64=0,S64=0),"",IF(AND(R64>0,S64>0),"","MISMATCH")),"") | N64: =IF(OR(Overview!$D$4="Preliminary Documentation Review",Overview!$D$4="Preliminary Precertification Review"),IF(AND(T64=0,U64=0),"",IF(AND(T64>0,U64>0),"MISMATCH","")),"") | O64: =IF(OR(Overview!$D$4="Preliminary Documentation Review",Overview!$D$4="Preliminary Precertification Review"),IF(AND(V64=0,W64=0),"",IF(AND(V64>0,W64>0),"","MISMATCH")),"") | P64: =IFERROR(SEARCH("COMMENTS TO BE ADDRESS",$I64),0) -> 0 | Q64: =IFERROR(SEARCH("Pending Documentation",$H64),0) -> 0 | R64: =IFERROR(SEARCH("equirements of this part will be v",$I64),0) -> 0 | S64: =IFERROR(SEARCH("Pending On",$H64),0) -> 0 | T64: =IFERROR(SEARCH("This Part has no",$I64),0) -> 0 | U64: =IFERROR(SEARCH("Anticipated",$H64),0) -> 0 | V64: =IFERROR(SEARCH("This Part has not been attempted.",$I64),IFERROR(SEARCH("Not Attempted",$I64),0)) -> 0 | W64: =IFERROR(SEARCH("Not Attempted",$H64),0) -> 0
E65: W08.2 / 1 Point Provide Handwashing Support | F65: 1 | G65: Yes | H65: Achieved | I65: FINAL PERFORMANCE REVIEW: The on-site assessment results have been provided and confirm compliance PRELIMINARY PERFORMANCE REVIEW: The on-site assessment results have been provided. However, to demonstrate compliance, the following must be addressed. COMMENTS TO BE ADDRESSED 1. While photographs of hand soap have been provided, compliance cannot be confirmed as the ingredients in the embedded photographs are blurry. Provide high quality photographs clearly showing the soap ingredients to confirm compliance with the fragrance-free requirements of this part. PRELIMINARY DOCUMENTATION REVIEW: This part has no required documentation. Requirements of this part will be verified through on-site assessment during your Performance Verification. | K65: W09 Hidden | L65: =IF(OR(Overview!$D$4="Preliminary Documentation Review",Overview!$D$4="Preliminary Precertification Review"),IF(AND(P65=0,Q65=0),"",IF(AND(P65>0,Q65>0),"","MISMATCH")),"") | M65: =IF(OR(Overview!$D$4="Preliminary Documentation Review",Overview!$D$4="Preliminary Precertification Review"),IF(AND(R65=0,S65=0),"",IF(AND(R65>0,S65>0),"","MISMATCH")),"") | N65: =IF(OR(Overview!$D$4="Preliminary Documentation Review",Overview!$D$4="Preliminary Precertification Review"),IF(AND(T65=0,U65=0),"",IF(AND(T65>0,U65>0),"MISMATCH","")),"") | O65: =IF(OR(Overview!$D$4="Preliminary Documentation Review",Overview!$D$4="Preliminary Precertification Review"),IF(AND(V65=0,W65=0),"",IF(AND(V65>0,W65>0),"","MISMATCH")),"") | P65: =IFERROR(SEARCH("COMMENTS TO BE ADDRESS",$I65),0) -> 254 | Q65: =IFERROR(SEARCH("Pending Documentation",$H65),0) -> 0 | R65: =IFERROR(SEARCH("equirements of this part will be v",$I65),0) -> 644 | S65: =IFERROR(SEARCH("Pending On",$H65),0) -> 0 | T65: =IFERROR(SEARCH("This Part has no",$I65),0) -> 601 | U65: =IFERROR(SEARCH("Anticipated",$H65),0) -> 0 | V65: =IFERROR(SEARCH("This Part has not been attempted.",$I65),IFERROR(SEARCH("Not Attempted",$I65),0)) -> 0 | W65: =IFERROR(SEARCH("Not Attempted",$H65),0) -> 0
C66: O | D66: W09. β - Onsite Non-Potable Water Reuse | E66: W09.1 / 1 Point Implement Safety Plan for Non-Potable Water Capture and Reuse | L66: =IF(OR(Overview!$D$4="Preliminary Documentation Review",Overview!$D$4="Preliminary Precertification Review"),IF(AND(P66=0,Q66=0),"",IF(AND(P66>0,Q66>0),"","MISMATCH")),"") | M66: =IF(OR(Overview!$D$4="Preliminary Documentation Review",Overview!$D$4="Preliminary Precertification Review"),IF(AND(R66=0,S66=0),"",IF(AND(R66>0,S66>0),"","MISMATCH")),"") | N66: =IF(OR(Overview!$D$4="Preliminary Documentation Review",Overview!$D$4="Preliminary Precertification Review"),IF(AND(T66=0,U66=0),"",IF(AND(T66>0,U66>0),"MISMATCH","")),"") | O66: =IF(OR(Overview!$D$4="Preliminary Documentation Review",Overview!$D$4="Preliminary Precertification Review"),IF(AND(V66=0,W66=0),"",IF(AND(V66>0,W66>0),"","MISMATCH")),"") | P66: =IFERROR(SEARCH("COMMENTS TO BE ADDRESS",$I66),0) -> 0 | Q66: =IFERROR(SEARCH("Pending Documentation",$H66),0) -> 0 | R66: =IFERROR(SEARCH("equirements of this part will be v",$I66),0) -> 0 | S66: =IFERROR(SEARCH("Pending On",$H66),0) -> 0 | T66: =IFERROR(SEARCH("This Part has no",$I66),0) -> 0 | U66: =IFERROR(SEARCH("Anticipated",$H66),0) -> 0 | V66: =IFERROR(SEARCH("This Part has not been attempted.",$I66),IFERROR(SEARCH("Not Attempted",$I66),0)) -> 0 | W66: =IFERROR(SEARCH("Not Attempted",$H66),0) -> 0
L67: =IF(OR(Overview!$D$4="Preliminary Documentation Review",Overview!$D$4="Preliminary Precertification Review"),IF(AND(P67=0,Q67=0),"",IF(AND(P67>0,Q67>0),"","MISMATCH")),"") | M67: =IF(OR(Overview!$D$4="Preliminary Documentation Review",Overview!$D$4="Preliminary Precertification Review"),IF(AND(R67=0,S67=0),"",IF(AND(R67>0,S67>0),"","MISMATCH")),"") | N67: =IF(OR(Overview!$D$4="Preliminary Documentation Review",Overview!$D$4="Preliminary Precertification Review"),IF(AND(T67=0,U67=0),"",IF(AND(T67>0,U67>0),"MISMATCH","")),"") | O67: =IF(OR(Overview!$D$4="Preliminary Documentation Review",Overview!$D$4="Preliminary Precertification Review"),IF(AND(V67=0,W67=0),"",IF(AND(V67>0,W67>0),"","MISMATCH")),"") | P67: =IFERROR(SEARCH("COMMENTS TO BE ADDRESS",$I67),0) -> 0 | Q67: =IFERROR(SEARCH("Pending Documentation",$H67),0) -> 0 | R67: =IFERROR(SEARCH("equirements of this part will be v",$I67),0) -> 0 | S67: =IFERROR(SEARCH("Pending On",$H67),0) -> 0 | T67: =IFERROR(SEARCH("This Part has no",$I67),0) -> 0 | U67: =IFERROR(SEARCH("Anticipated",$H67),0) -> 0 | V67: =IFERROR(SEARCH("This Part has not been attempted.",$I67),IFERROR(SEARCH("Not Attempted",$I67),0)) -> 0 | W67: =IFERROR(SEARCH("Not Attempted",$H67),0) -> 0
L68: =IF(OR(Overview!$D$4="Preliminary Documentation Review",Overview!$D$4="Preliminary Precertification Review"),IF(AND(P68=0,Q68=0),"",IF(AND(P68>0,Q68>0),"","MISMATCH")),"") | M68: =IF(OR(Overview!$D$4="Preliminary Documentation Review",Overview!$D$4="Preliminary Precertification Review"),IF(AND(R68=0,S68=0),"",IF(AND(R68>0,S68>0),"","MISMATCH")),"") | N68: =IF(OR(Overview!$D$4="Preliminary Documentation Review",Overview!$D$4="Preliminary Precertification Review"),IF(AND(T68=0,U68=0),"",IF(AND(T68>0,U68>0),"MISMATCH","")),"") | O68: =IF(OR(Overview!$D$4="Preliminary Documentation Review",Overview!$D$4="Preliminary Precertification Review"),IF(AND(V68=0,W68=0),"",IF(AND(V68>0,W68>0),"","MISMATCH")),"") | P68: =IFERROR(SEARCH("COMMENTS TO BE ADDRESS",$I68),0) -> 0 | Q68: =IFERROR(SEARCH("Pending Documentation",$H68),0) -> 0 | R68: =IFERROR(SEARCH("equirements of this part will be v",$I68),0) -> 0 | S68: =IFERROR(SEARCH("Pending On",$H68),0) -> 0 | T68: =IFERROR(SEARCH("This Part has no",$I68),0) -> 0 | U68: =IFERROR(SEARCH("Anticipated",$H68),0) -> 0 | V68: =IFERROR(SEARCH("This Part has not been attempted.",$I68),IFERROR(SEARCH("Not Attempted",$I68),0)) -> 0 | W68: =IFERROR(SEARCH("Not Attempted",$H68),0) -> 0
L69: =IF(OR(Overview!$D$4="Preliminary Documentation Review",Overview!$D$4="Preliminary Precertification Review"),IF(AND(P69=0,Q69=0),"",IF(AND(P69>0,Q69>0),"","MISMATCH")),"") | M69: =IF(OR(Overview!$D$4="Preliminary Documentation Review",Overview!$D$4="Preliminary Precertification Review"),IF(AND(R69=0,S69=0),"",IF(AND(R69>0,S69>0),"","MISMATCH")),"") | N69: =IF(OR(Overview!$D$4="Preliminary Documentation Review",Overview!$D$4="Preliminary Precertification Review"),IF(AND(T69=0,U69=0),"",IF(AND(T69>0,U69>0),"MISMATCH","")),"") | O69: =IF(OR(Overview!$D$4="Preliminary Documentation Review",Overview!$D$4="Preliminary Precertification Review"),IF(AND(V69=0,W69=0),"",IF(AND(V69>0,W69>0),"","MISMATCH")),"") | T69: =IFERROR(SEARCH("This Part has no",$I69),0) -> 0 | U69: =IFERROR(SEARCH("Anticipated",$H69),0) -> 0 | V69: =IFERROR(SEARCH("This Part has not been attempted.",$I69),IFERROR(SEARCH("Not Attempted",$I69),0)) -> 0 | W69: =IFERROR(SEARCH("Not Attempted",$H69),0) -> 0
C70: Nourishment General Observations: | L70: =IF(OR(Overview!$D$4="Preliminary Documentation Review",Overview!$D$4="Preliminary Precertification Review"),IF(AND(P70=0,Q70=0),"",IF(AND(P70>0,Q70>0),"","MISMATCH")),"") | M70: =IF(OR(Overview!$D$4="Preliminary Documentation Review",Overview!$D$4="Preliminary Precertification Review"),IF(AND(R70=0,S70=0),"",IF(AND(R70>0,S70>0),"","MISMATCH")),"") | N70: =IF(OR(Overview!$D$4="Preliminary Documentation Review",Overview!$D$4="Preliminary Precertification Review"),IF(AND(T70=0,U70=0),"",IF(AND(T70>0,U70>0),"MISMATCH","")),"") | O70: =IF(OR(Overview!$D$4="Preliminary Documentation Review",Overview!$D$4="Preliminary Precertification Review"),IF(AND(V70=0,W70=0),"",IF(AND(V70>0,W70>0),"","MISMATCH")),"") | T70: =IFERROR(SEARCH("This Part has no",$I70),0) -> 0 | U70: =IFERROR(SEARCH("Anticipated",$H70),0) -> 0 | V70: =IFERROR(SEARCH("This Part has not been attempted.",$I70),IFERROR(SEARCH("Not Attempted",$I70),0)) -> 0 | W70: =IFERROR(SEARCH("Not Attempted",$H70),0) -> 0
